Date,XAU/USD
2012-03-08,1692.42
2012-03-09,1702.39
2012-03-10,1713.91
2012-03-11,1713.93
2012-03-12,1704.79
2012-03-13,1696.28
2012-03-14,1661.65
2012-03-15,1647.7
2012-03-16,1656.37
2012-03-17,1660.02
2012-03-18,1660.02
2012-03-19,1660.59
2012-03-20,1654.45
2012-03-21,1652.74
2012-03-22,1644.32
2012-03-23,1652.22
2012-03-24,1661.97
2012-03-25,1661.98
2012-03-26,1671.45
2012-03-27,1688.61
2012-03-28,1674.76
2012-03-29,1659.11
2012-03-30,1664.01
2012-03-31,1668.32
2012-04-01,1668.39
2012-04-02,1671.9
2012-04-03,1672.95
2012-04-04,1633.2
2012-04-05,1625.56
2012-04-06,1633.86
2012-04-07,1640
2012-04-08,1640.08
2012-04-09,1642.24
2012-04-10,1648.31
2012-04-11,1657.55
2012-04-12,1662.86
2012-04-13,1670.08
2012-04-14,1658.4
2012-04-15,1658.4
2012-04-16,1650.26
2012-04-17,1650.68
2012-04-18,1646.97
2012-04-19,1641.53
2012-04-20,1642.86
2012-04-21,1643.06
2012-04-22,1643.05
2012-04-23,1636.75
2012-04-24,1639.41
2012-04-25,1641.49
2012-04-26,1650.35
2012-04-27,1658.49
2012-04-28,1662.99
2012-04-29,1662.99
2012-04-30,1662.66
2012-05-01,1664.26
2012-05-02,1656.09
2012-05-03,1644.09
2012-05-04,1636.6
2012-05-05,1642.37
2012-05-06,1642.37
2012-05-07,1638.61
2012-05-08,1623.95
2012-05-09,1592.84
2012-05-10,1593.24
2012-05-11,1585.22
2012-05-12,1579.48
2012-05-13,1579.55
2012-05-14,1570.4
2012-05-15,1555.77
2012-05-16,1539.39
2012-05-17,1555.19
2012-05-18,1582.93
2012-05-19,1593.14
2012-05-20,1593.15
2012-05-21,1593.26
2012-05-22,1584.39
2012-05-23,1557.3
2012-05-24,1561.97
2012-05-25,1562.12
2012-05-26,1572.91
2012-05-27,1572.95
2012-05-28,1576.58
2012-05-29,1571.11
2012-05-30,1553.03
2012-05-31,1563.44
2012-06-01,1576.42
2012-06-02,1624.25
2012-06-03,1624.25
2012-06-04,1619.23
2012-06-05,1618.23
2012-06-06,1627.96
2012-06-07,1612.99
2012-06-08,1581.24
2012-06-09,1593.56
2012-06-10,1593.88
2012-06-11,1596.43
2012-06-12,1597.87
2012-06-13,1613.32
2012-06-14,1619.85
2012-06-15,1625.23
2012-06-16,1627.34
2012-06-17,1627.34
2012-06-18,1622.94
2012-06-19,1626.93
2012-06-20,1614.16
2012-06-21,1591.59
2012-06-22,1566.74
2012-06-23,1572.69
2012-06-24,1572.69
2012-06-25,1574.44
2012-06-26,1580.55
2012-06-27,1572.07
2012-06-28,1567.42
2012-06-29,1575.89
2012-06-30,1597.58
2012-07-01,1597.58
2012-07-02,1594.83
2012-07-03,1608.7
2012-07-04,1616.43
2012-07-05,1612.98
2012-07-06,1596.03
2012-07-07,1583.82
2012-07-08,1583.82
2012-07-09,1583.89
2012-07-10,1585.81
2012-07-11,1574.82
2012-07-12,1568.62
2012-07-13,1579.58
2012-07-14,1589.55
2012-07-15,1589.55
2012-07-16,1588.8
2012-07-17,1590.16
2012-07-18,1579.42
2012-07-19,1580.77
2012-07-20,1582.32
2012-07-21,1584.53
2012-07-22,1584.53
2012-07-23,1576.61
2012-07-24,1576.86
2012-07-25,1591.89
2012-07-26,1609.53
2012-07-27,1619.07
2012-07-28,1623.53
2012-07-29,1623.53
2012-07-30,1620.78
2012-07-31,1621.2
2012-08-01,1610.03
2012-08-02,1598.32
2012-08-03,1595.07
2012-08-04,1603.55
2012-08-05,1603.55
2012-08-06,1608.15
2012-08-07,1612.32
2012-08-08,1610.84
2012-08-09,1614.8
2012-08-10,1615.6
2012-08-11,1620.16
2012-08-12,1620.16
2012-08-13,1619.84
2012-08-14,1608.28
2012-08-15,1600.64
2012-08-16,1607.43
2012-08-17,1616.03
2012-08-18,1615.75
2012-08-19,1615.75
2012-08-20,1617.9
2012-08-21,1628.21
2012-08-22,1641.16
2012-08-23,1663.49
2012-08-24,1667.97
2012-08-25,1670.43
2012-08-26,1670.43
2012-08-27,1671.8
2012-08-28,1664.24
2012-08-29,1664.01
2012-08-30,1657.38
2012-08-31,1664.45
2012-09-01,1691.89
2012-09-02,1691.89
2012-09-03,1690.47
2012-09-04,1693.91
2012-09-05,1692.59
2012-09-06,1701.29
2012-09-07,1709.5
2012-09-08,1735.76
2012-09-09,1735.76
2012-09-10,1733.45
2012-09-11,1731.18
2012-09-12,1735.65
2012-09-13,1737.57
2012-09-14,1772.2
2012-09-15,1770.47
2012-09-16,1770.47
2012-09-17,1770.42
2012-09-18,1761.55
2012-09-19,1771.49
2012-09-20,1765.8
2012-09-21,1773.74
2012-09-22,1773.07
2012-09-23,1773.07
2012-09-24,1763.18
2012-09-25,1766.03
2012-09-26,1757.49
2012-09-27,1761.53
2012-09-28,1777.14
2012-09-29,1772.26
2012-09-30,1772.26
2012-10-01,1771.79
2012-10-02,1777.41
2012-10-03,1775.87
2012-10-04,1785.62
2012-10-05,1788.24
2012-10-06,1780.76
2012-10-07,1780.76
2012-10-08,1773.2
2012-10-09,1773.12
2012-10-10,1763.33
2012-10-11,1766.2
2012-10-12,1765.87
2012-10-13,1753.99
2012-10-14,1753.99
2012-10-15,1742.82
2012-10-16,1740.7
2012-10-17,1750.09
2012-10-18,1746.42
2012-10-19,1733.84
2012-10-20,1721.72
2012-10-21,1721.72
2012-10-22,1724.26
2012-10-23,1717.64
2012-10-24,1707.93
2012-10-25,1711.06
2012-10-26,1709.9
2012-10-27,1711.27
2012-10-28,1711.27
2012-10-29,1711.92
2012-10-30,1710.85
2012-10-31,1716.15
2012-11-01,1720.12
2012-11-02,1701.74
2012-11-03,1677.98
2012-11-04,1677.98
2012-11-05,1680.59
2012-11-06,1692.32
2012-11-07,1718.96
2012-11-08,1719.47
2012-11-09,1733.36
2012-11-10,1731.12
2012-11-11,1731.11
2012-11-12,1733.49
2012-11-13,1726.01
2012-11-14,1726.99
2012-11-15,1721.86
2012-11-16,1713.27
2012-11-17,1713.94
2012-11-18,1713.96
2012-11-19,1724.64
2012-11-20,1731.67
2012-11-21,1726.6
2012-11-22,1730.51
2012-11-23,1735.88
2012-11-24,1750.79
2012-11-25,1750.79
2012-11-26,1749.49
2012-11-27,1747.78
2012-11-28,1732.58
2012-11-29,1723.03
2012-11-30,1715.03
2012-12-01,1714.88
2012-12-02,1714.88
2012-12-03,1717.6
2012-12-04,1705.63
2012-12-05,1698.77
2012-12-06,1693.51
2012-12-07,1700.83
2012-12-08,1704.26
2012-12-09,1704.27
2012-12-10,1709.49
2012-12-11,1709.9
2012-12-12,1712.8
2012-12-13,1699.45
2012-12-14,1697
2012-12-15,1696.04
2012-12-16,1696.06
2012-12-17,1693.68
2012-12-18,1694.15
2012-12-19,1672.37
2012-12-20,1661.5
2012-12-21,1648.93
2012-12-22,1657.01
2012-12-23,1657.04
2012-12-24,1659.57
2012-12-25,1658.45
2012-12-26,1659.41
2012-12-27,1658.62
2012-12-28,1660.49
2012-12-29,1656.08
2012-12-30,1656.09
2012-12-31,1663.6
2013-01-01,1676.24
2013-01-02,1682.61
2013-01-03,1682.07
2013-01-04,1648.51
2013-01-05,1655.83
2013-01-06,1655.78
2013-01-07,1654.07
2013-01-08,1652.52
2013-01-09,1659.68
2013-01-10,1664.09
2013-01-11,1669.03
2013-01-12,1662.88
2013-01-13,1662.88
2013-01-14,1666.99
2013-01-15,1676.12
2013-01-16,1680.55
2013-01-17,1682.02
2013-01-18,1689.09
2013-01-19,1684.41
2013-01-20,1684.39
2013-01-21,1688.97
2013-01-22,1692.18
2013-01-23,1691.45
2013-01-24,1678.22
2013-01-25,1665.61
2013-01-26,1658.78
2013-01-27,1658.77
2013-01-28,1657.89
2013-01-29,1660.93
2013-01-30,1669.65
2013-01-31,1673.08
2013-02-01,1666
2013-02-02,1667.46
2013-02-03,1667.46
2013-02-04,1669
2013-02-05,1674.55
2013-02-06,1673.76
2013-02-07,1676.54
2013-02-08,1670.17
2013-02-09,1667.34
2013-02-10,1667.32
2013-02-11,1660.5
2013-02-12,1647.02
2013-02-13,1648.61
2013-02-14,1643.14
2013-02-15,1624.66
2013-02-16,1610.04
2013-02-17,1610.09
2013-02-18,1612.45
2013-02-19,1610.76
2013-02-20,1596.49
2013-02-21,1569.38
2013-02-22,1579.01
2013-02-23,1581.34
2013-02-24,1581.38
2013-02-25,1586.7
2013-02-26,1598.79
2013-02-27,1607.92
2013-02-28,1592.14
2013-03-01,1577.67
2013-03-02,1576.33
2013-03-03,1576.36
2013-03-04,1577.03
2013-03-05,1578.68
2013-03-06,1577.4
2013-03-07,1581.35
2013-03-08,1577.59
2013-03-09,1578.78
2013-03-10,1578.8
2013-03-11,1579.88
2013-03-12,1587.24
2013-03-13,1591.96
2013-03-14,1587.52
2013-03-15,1592.51
2013-03-16,1592.08
2013-03-17,1592.08
2013-03-18,1602.59
2013-03-19,1606.6
2013-03-20,1610.45
2013-03-21,1610.09
2013-03-22,1611.59
2013-03-23,1608.8
2013-03-24,1608.8
2013-03-25,1605.51
2013-03-26,1600.76
2013-03-27,1600.13
2013-03-28,1602.05
2013-03-29,1596.95
2013-03-30,1596.95
2013-03-31,1596.95
2013-04-01,1598.32
2013-04-02,1592.99
2013-04-03,1568.2
2013-04-04,1550.1
2013-04-05,1559.78
2013-04-06,1581.14
2013-04-07,1581.14
2013-04-08,1576.55
2013-04-09,1577.76
2013-04-10,1578.34
2013-04-11,1560.41
2013-04-12,1540.24
2013-04-13,1483.18
2013-04-14,1483.18
2013-04-15,1423.25
2013-04-16,1368.55
2013-04-17,1378.47
2013-04-18,1381.35
2013-04-19,1402.22
2013-04-20,1403.87
2013-04-21,1403.87
2013-04-22,1421.63
2013-04-23,1418.99
2013-04-24,1423.86
2013-04-25,1446.93
2013-04-26,1467.86
2013-04-27,1462.33
2013-04-28,1462.33
2013-04-29,1469.59
2013-04-30,1471.58
2013-05-01,1465.91
2013-05-02,1460.24
2013-05-03,1471.55
2013-05-04,1470.85
2013-05-05,1470.85
2013-05-06,1472.59
2013-05-07,1459.38
2013-05-08,1459.49
2013-05-09,1469.15
2013-05-10,1447.51
2013-05-11,1448.3
2013-05-12,1448.3
2013-05-13,1434.45
2013-05-14,1433.81
2013-05-15,1413.33
2013-05-16,1387.08
2013-05-17,1376.37
2013-05-18,1359.51
2013-05-19,1359.51
2013-05-20,1359.11
2013-05-21,1383.11
2013-05-22,1378.95
2013-05-23,1379.65
2013-05-24,1389.72
2013-05-25,1386.61
2013-05-26,1386.61
2013-05-27,1392.43
2013-05-28,1386.59
2013-05-29,1387.22
2013-05-30,1403.83
2013-05-31,1408.18
2013-06-01,1387.96
2013-06-02,1387.96
2013-06-03,1399.5
2013-06-04,1404.61
2013-06-05,1402.03
2013-06-06,1403.57
2013-06-07,1402.93
2013-06-08,1382.94
2013-06-09,1382.94
2013-06-10,1383.68
2013-06-11,1379.06
2013-06-12,1380.94
2013-06-13,1385.72
2013-06-14,1385.62
2013-06-15,1390.54
2013-06-16,1390.54
2013-06-17,1387.03
2013-06-18,1376.71
2013-06-19,1368
2013-06-20,1317.49
2013-06-21,1290.55
2013-06-22,1296.35
2013-06-23,1296.35
2013-06-24,1287.51
2013-06-25,1281.09
2013-06-26,1245.61
2013-06-27,1229.3
2013-06-28,1207.06
2013-06-29,1234.68
2013-06-30,1234.68
2013-07-01,1243.7
2013-07-02,1254.22
2013-07-03,1248.33
2013-07-04,1251.59
2013-07-05,1234.19
2013-07-06,1223.1
2013-07-07,1223.1
2013-07-08,1228.31
2013-07-09,1248.74
2013-07-10,1251.95
2013-07-11,1283.27
2013-07-12,1280.65
2013-07-13,1285.59
2013-07-14,1285.59
2013-07-15,1286.41
2013-07-16,1286.65
2013-07-17,1286.61
2013-07-18,1280.39
2013-07-19,1290.39
2013-07-20,1296.11
2013-07-21,1296.11
2013-07-22,1320.3
2013-07-23,1334.55
2013-07-24,1336.84
2013-07-25,1322.56
2013-07-26,1330.58
2013-07-27,1333.27
2013-07-28,1333.27
2013-07-29,1329.88
2013-07-30,1325.69
2013-07-31,1325.78
2013-08-01,1320.24
2013-08-02,1302.7
2013-08-03,1311.83
2013-08-04,1311.83
2013-08-05,1310.15
2013-08-06,1292.42
2013-08-07,1281.49
2013-08-08,1296.45
2013-08-09,1312.01
2013-08-10,1314.5
2013-08-11,1314.5
2013-08-12,1331.03
2013-08-13,1330.84
2013-08-14,1325.68
2013-08-15,1341.99
2013-08-16,1366.7
2013-08-17,1376.7
2013-08-18,1376.7
2013-08-19,1373.51
2013-08-20,1367.13
2013-08-21,1368.14
2013-08-22,1367.93
2013-08-23,1381.58
2013-08-24,1397.78
2013-08-25,1397.78
2013-08-26,1396.38
2013-08-27,1409.18
2013-08-28,1420.71
2013-08-29,1410.7
2013-08-30,1401.01
2013-08-31,1395.29
2013-09-01,1395.29
2013-09-02,1390.78
2013-09-03,1397.74
2013-09-04,1403.05
2013-09-05,1385.38
2013-09-06,1376.11
2013-09-07,1391.87
2013-09-08,1391.87
2013-09-09,1387.82
2013-09-10,1374.1
2013-09-11,1364.15
2013-09-12,1345.7
2013-09-13,1318.86
2013-09-14,1326.31
2013-09-15,1326.31
2013-09-16,1321.76
2013-09-17,1314.01
2013-09-18,1308.39
2013-09-19,1365.57
2013-09-20,1353.19
2013-09-21,1326
2013-09-22,1326
2013-09-23,1324.37
2013-09-24,1321.13
2013-09-25,1326.68
2013-09-26,1330.88
2013-09-27,1329.84
2013-09-28,1336.75
2013-09-29,1336.75
2013-09-30,1335.64
2013-10-01,1315.47
2013-10-02,1298.77
2013-10-03,1313.32
2013-10-04,1314.57
2013-10-05,1310.91
2013-10-06,1310.91
2013-10-07,1316.7
2013-10-08,1323.62
2013-10-09,1312.38
2013-10-10,1301.38
2013-10-11,1281.91
2013-10-12,1272.13
2013-10-13,1272.13
2013-10-14,1276.35
2013-10-15,1270.41
2013-10-16,1279.58
2013-10-17,1300.45
2013-10-18,1317.51
2013-10-19,1315.76
2013-10-20,1315.76
2013-10-21,1317.33
2013-10-22,1323.16
2013-10-23,1335.91
2013-10-24,1339.9
2013-10-25,1345.61
2013-10-26,1350.78
2013-10-27,1350.78
2013-10-28,1352.05
2013-10-29,1349.75
2013-10-30,1347.33
2013-10-31,1333.04
2013-11-01,1319.21
2013-11-02,1316.2
2013-11-03,1316.2
2013-11-04,1315.66
2013-11-05,1313.6
2013-11-06,1315.26
2013-11-07,1314.2
2013-11-08,1302.23
2013-11-09,1288.72
2013-11-10,1288.72
2013-11-11,1285.01
2013-11-12,1279.02
2013-11-13,1272.42
2013-11-14,1284.74
2013-11-15,1286.94
2013-11-16,1290.39
2013-11-17,1290.45
2013-11-18,1283.59
2013-11-19,1274.57
2013-11-20,1268.24
2013-11-21,1245.93
2013-11-22,1244.38
2013-11-23,1243.72
2013-11-24,1243.74
2013-11-25,1238.76
2013-11-26,1249.34
2013-11-27,1245.31
2013-11-28,1241.43
2013-11-29,1247.01
2013-11-30,1251.21
2013-12-01,1251.21
2013-12-02,1239.44
2013-12-03,1221.94
2013-12-04,1225.04
2013-12-05,1234.65
2013-12-06,1228.74
2013-12-07,1228.95
2013-12-08,1228.95
2013-12-09,1231.62
2013-12-10,1248.93
2013-12-11,1258.28
2013-12-12,1243.97
2013-12-13,1229.77
2013-12-14,1238.86
2013-12-15,1238.89
2013-12-16,1237.01
2013-12-17,1238.26
2013-12-18,1232.8
2013-12-19,1210.04
2013-12-20,1196.38
2013-12-21,1203.32
2013-12-22,1203.36
2013-12-23,1200.99
2013-12-24,1200.22
2013-12-25,1204.05
2013-12-26,1207.33
2013-12-27,1212.62
2013-12-28,1213.43
2013-12-29,1213.41
2013-12-30,1207.26
2013-12-31,1200.64
2014-01-01,1205.1
2014-01-02,1219.31
2014-01-03,1231.99
2014-01-04,1236.89
2014-01-05,1236.89
2014-01-06,1239.57
2014-01-07,1236.73
2014-01-08,1226.68
2014-01-09,1227.08
2014-01-10,1236.17
2014-01-11,1248.24
2014-01-12,1248.31
2014-01-13,1249.53
2014-01-14,1250.16
2014-01-15,1240.39
2014-01-16,1240.77
2014-01-17,1245.17
2014-01-18,1253.86
2014-01-19,1253.87
2014-01-20,1255.62
2014-01-21,1248.3
2014-01-22,1241.05
2014-01-23,1245.5
2014-01-24,1263.22
2014-01-25,1269.84
2014-01-26,1269.88
2014-01-27,1266.91
2014-01-28,1255.6
2014-01-29,1257.91
2014-01-30,1255.83
2014-01-31,1244.09
2014-02-01,1244.47
2014-02-02,1244.48
2014-02-03,1248.94
2014-02-04,1255.22
2014-02-05,1256.88
2014-02-06,1258.1
2014-02-07,1261.28
2014-02-08,1267.42
2014-02-09,1267.42
2014-02-10,1271.93
2014-02-11,1283.78
2014-02-12,1289.18
2014-02-13,1293.05
2014-02-14,1310.39
2014-02-15,1318.82
2014-02-16,1318.83
2014-02-17,1325.8
2014-02-18,1321.86
2014-02-19,1318.96
2014-02-20,1313.99
2014-02-21,1321.29
2014-02-22,1324.27
2014-02-23,1324.3
2014-02-24,1329.64
2014-02-25,1336.68
2014-02-26,1337
2014-02-27,1330.01
2014-02-28,1329
2014-03-01,1326.53
2014-03-02,1326.56
2014-03-03,1344.35
2014-03-04,1342.19
2014-03-05,1336.55
2014-03-06,1339.84
2014-03-07,1345.78
2014-03-08,1340.1
2014-03-09,1340.08
2014-03-10,1337.09
2014-03-11,1344.47
2014-03-12,1359.02
2014-03-13,1370.26
2014-03-14,1374.96
2014-03-15,1383.25
2014-03-16,1383.25
2014-03-17,1379.37
2014-03-18,1360.39
2014-03-19,1348.12
2014-03-20,1329.39
2014-03-21,1334.36
2014-03-22,1334.57
2014-03-23,1334.57
2014-03-24,1322.2
2014-03-25,1312.45
2014-03-26,1310.26
2014-03-27,1299.14
2014-03-28,1293.63
2014-03-29,1294.97
2014-03-30,1294.97
2014-03-31,1292.66
2014-04-01,1283.45
2014-04-02,1285.74
2014-04-03,1288.57
2014-04-04,1293.04
2014-04-05,1303.42
2014-04-06,1303.42
2014-04-07,1300.36
2014-04-08,1305.95
2014-04-09,1308.84
2014-04-10,1317.87
2014-04-11,1318.86
2014-04-12,1318.62
2014-04-13,1318.62
2014-04-14,1325.91
2014-04-15,1311.8
2014-04-16,1301.23
2014-04-17,1299.76
2014-04-18,1295.78
2014-04-19,1295.8
2014-04-20,1295.8
2014-04-21,1288.76
2014-04-22,1287.4
2014-04-23,1284.62
2014-04-24,1285.31
2014-04-25,1296.47
2014-04-26,1302.88
2014-04-27,1302.88
2014-04-28,1301.1
2014-04-29,1294.83
2014-04-30,1293.07
2014-05-01,1286.16
2014-05-02,1288.28
2014-05-03,1299.66
2014-05-04,1299.66
2014-05-05,1308.18
2014-05-06,1309.12
2014-05-07,1304.64
2014-05-08,1290.21
2014-05-09,1289.91
2014-05-10,1288.78
2014-05-11,1288.78
2014-05-12,1292.54
2014-05-13,1294.24
2014-05-14,1299.92
2014-05-15,1301.76
2014-05-16,1294.63
2014-05-17,1293.22
2014-05-18,1293.22
2014-05-19,1296.38
2014-05-20,1293.06
2014-05-21,1292.45
2014-05-22,1294.46
2014-05-23,1293.24
2014-05-24,1292.37
2014-05-25,1292.37
2014-05-26,1292.68
2014-05-27,1281.74
2014-05-28,1262.85
2014-05-29,1256.16
2014-05-30,1253.51
2014-05-31,1249.66
2014-06-01,1249.66
2014-06-02,1245.92
2014-06-03,1244.86
2014-06-04,1245.31
2014-06-05,1247.25
2014-06-06,1253.43
2014-06-07,1253.12
2014-06-08,1253.12
2014-06-09,1253.84
2014-06-10,1256.24
2014-06-11,1261.53
2014-06-12,1265.19
2014-06-13,1273.76
2014-06-14,1277.2
2014-06-15,1277.2
2014-06-16,1278.64
2014-06-17,1268.62
2014-06-18,1270.74
2014-06-19,1288.51
2014-06-20,1313.92
2014-06-21,1314.74
2014-06-22,1314.74
2014-06-23,1314.49
2014-06-24,1318.57
2014-06-25,1316.6
2014-06-26,1315.47
2014-06-27,1317.74
2014-06-28,1315.41
2014-06-29,1315.41
2014-06-30,1317.03
2014-07-01,1326.86
2014-07-02,1326.82
2014-07-03,1321.97
2014-07-04,1320.48
2014-07-05,1320.48
2014-07-06,1320.31
2014-07-07,1316.13
2014-07-08,1318.63
2014-07-09,1323.23
2014-07-10,1334.03
2014-07-11,1336.78
2014-07-12,1337.93
2014-07-13,1337.93
2014-07-14,1321.62
2014-07-15,1305.47
2014-07-16,1297.85
2014-07-17,1306.24
2014-07-18,1312.72
2014-07-19,1312.72
2014-07-20,1311.18
2014-07-21,1312.56
2014-07-22,1308.87
2014-07-23,1306.96
2014-07-24,1297.31
2014-07-25,1295.47
2014-07-26,1306.38
2014-07-27,1306.38
2014-07-28,1304.81
2014-07-29,1304.22
2014-07-30,1297.91
2014-07-31,1291.68
2014-08-01,1287.3
2014-08-02,1294.49
2014-08-03,1294.49
2014-08-04,1291.85
2014-08-05,1289.12
2014-08-06,1295.99
2014-08-07,1307.25
2014-08-08,1313.7
2014-08-09,1309.88
2014-08-10,1309.88
2014-08-11,1308.26
2014-08-12,1310.18
2014-08-13,1310.01
2014-08-14,1313.07
2014-08-15,1308.94
2014-08-16,1305.03
2014-08-17,1305.03
2014-08-18,1300.35
2014-08-19,1298.3
2014-08-20,1294.58
2014-08-21,1282.38
2014-08-22,1279.28
2014-08-23,1281.14
2014-08-24,1281.14
2014-08-25,1278.02
2014-08-26,1283.1
2014-08-27,1283.61
2014-08-28,1288.31
2014-08-29,1288.05
2014-08-30,1288.05
2014-08-31,1287.59
2014-09-01,1287.31
2014-09-02,1275.35
2014-09-03,1267.49
2014-09-04,1269.52
2014-09-05,1264.47
2014-09-06,1269.11
2014-09-07,1269.11
2014-09-08,1264.2
2014-09-09,1254.97
2014-09-10,1252.79
2014-09-11,1244.99
2014-09-12,1235.37
2014-09-13,1229.41
2014-09-14,1229.41
2014-09-15,1233.15
2014-09-16,1236.09
2014-09-17,1235.26
2014-09-18,1223.37
2014-09-19,1221.53
2014-09-20,1215.76
2014-09-21,1215.76
2014-09-22,1214.92
2014-09-23,1221.04
2014-09-24,1221.26
2014-09-25,1215.13
2014-09-26,1220.72
2014-09-27,1218.32
2014-09-28,1218.32
2014-09-29,1218.36
2014-09-30,1213.25
2014-10-01,1210.34
2014-10-02,1215.17
2014-10-03,1204.89
2014-10-04,1191.29
2014-10-05,1191.29
2014-10-06,1194.95
2014-10-07,1207.72
2014-10-08,1213.87
2014-10-09,1225.13
2014-10-10,1222.51
2014-10-11,1223.06
2014-10-12,1223.06
2014-10-13,1230.52
2014-10-14,1234.24
2014-10-15,1232.05
2014-10-16,1240.65
2014-10-17,1240.65
2014-10-18,1238.58
2014-10-19,1238.58
2014-10-20,1241.24
2014-10-21,1249.29
2014-10-22,1246.63
2014-10-23,1237.58
2014-10-24,1231.53
2014-10-25,1231.2
2014-10-26,1231.2
2014-10-27,1229.93
2014-10-28,1228.63
2014-10-29,1225.94
2014-10-30,1206.49
2014-10-31,1181.86
2014-11-01,1173.16
2014-11-02,1173.16
2014-11-03,1169.46
2014-11-04,1167.62
2014-11-05,1153.78
2014-11-06,1144.11
2014-11-07,1149.03
2014-11-08,1177.55
2014-11-09,1177.59
2014-11-10,1168.48
2014-11-11,1155.63
2014-11-12,1163.99
2014-11-13,1161.6
2014-11-14,1163.38
2014-11-15,1189.12
2014-11-16,1189.11
2014-11-17,1187.14
2014-11-18,1192.37
2014-11-19,1194.18
2014-11-20,1187.13
2014-11-21,1196.28
2014-11-22,1201.51
2014-11-23,1201.53
2014-11-24,1198.89
2014-11-25,1198.57
2014-11-26,1198.91
2014-11-27,1194.7
2014-11-28,1182.87
2014-11-29,1167.05
2014-11-30,1167.05
2014-12-01,1173.91
2014-12-02,1202.59
2014-12-03,1203.36
2014-12-04,1206.99
2014-12-05,1200.51
2014-12-06,1192.01
2014-12-07,1192.05
2014-12-08,1194.58
2014-12-09,1211.45
2014-12-10,1230.03
2014-12-11,1225.03
2014-12-12,1223.64
2014-12-13,1222.44
2014-12-14,1222.46
2014-12-15,1214.1
2014-12-16,1198.82
2014-12-17,1196.85
2014-12-18,1197.61
2014-12-19,1197.61
2014-12-20,1195.64
2014-12-21,1195.66
2014-12-22,1192.95
2014-12-23,1178.03
2014-12-24,1176.95
2014-12-25,1174.58
2014-12-26,1188.16
2014-12-27,1196.49
2014-12-28,1196.53
2014-12-29,1191.68
2014-12-30,1191.26
2014-12-31,1196.32
2015-01-01,1182.79
2015-01-02,1184.24
2015-01-03,1188.76
2015-01-04,1188.78
2015-01-05,1194.23
2015-01-06,1209.62
2015-01-07,1214.8
2015-01-08,1210.05
2015-01-09,1213.04
2015-01-10,1223.3
2015-01-11,1223.34
2015-01-12,1225.99
2015-01-13,1236.17
2015-01-14,1232.03
2015-01-15,1241.84
2015-01-16,1264.62
2015-01-17,1280.12
2015-01-18,1280.2
2015-01-19,1276.95
2015-01-20,1284.27
2015-01-21,1296.09
2015-01-22,1293.36
2015-01-23,1296.16
2015-01-24,1294.7
2015-01-25,1294.72
2015-01-26,1287.63
2015-01-27,1283.53
2015-01-28,1289.35
2015-01-29,1274.3
2015-01-30,1264.99
2015-01-31,1283.96
2015-02-01,1283.96
2015-02-02,1277.99
2015-02-03,1272.47
2015-02-04,1263.97
2015-02-05,1266.95
2015-02-06,1256.64
2015-02-07,1234.45
2015-02-08,1234.46
2015-02-09,1239.11
2015-02-10,1238.99
2015-02-11,1232.53
2015-02-12,1222.55
2015-02-13,1227.3
2015-02-14,1229.76
2015-02-15,1229.78
2015-02-16,1232.06
2015-02-17,1221.78
2015-02-18,1207.45
2015-02-19,1214.03
2015-02-20,1206.93
2015-02-21,1201.63
2015-02-22,1201.62
2015-02-23,1200.75
2015-02-24,1199.97
2015-02-25,1206.62
2015-02-26,1210.47
2015-02-27,1210.57
2015-02-28,1213.13
2015-03-01,1213.14
2015-03-02,1215.34
2015-03-03,1207.13
2015-03-04,1204.47
2015-03-05,1202.01
2015-03-06,1189.85
2015-03-07,1167.31
2015-03-08,1167.34
2015-03-09,1170.59
2015-03-10,1163.67
2015-03-11,1159.24
2015-03-12,1155.66
2015-03-13,1156.7
2015-03-14,1158.6
2015-03-15,1158.6
2015-03-16,1157.21
2015-03-17,1153.16
2015-03-18,1152.22
2015-03-19,1169.34
2015-03-20,1175.09
2015-03-21,1182.61
2015-03-22,1182.61
2015-03-23,1184.76
2015-03-24,1190.09
2015-03-25,1193.47
2015-03-26,1202.97
2015-03-27,1201.14
2015-03-28,1198.81
2015-03-29,1198.81
2015-03-30,1190.32
2015-03-31,1184.38
2015-04-01,1191.38
2015-04-02,1202.73
2015-04-03,1203.2
2015-04-04,1203.21
2015-04-05,1203.21
2015-04-06,1217.8
2015-04-07,1212.11
2015-04-08,1207.78
2015-04-09,1197.45
2015-04-10,1200.85
2015-04-11,1207.75
2015-04-12,1207.75
2015-04-13,1202.91
2015-04-14,1195.3
2015-04-15,1194.72
2015-04-16,1203.22
2015-04-17,1202.12
2015-04-18,1204.42
2015-04-19,1204.42
2015-04-20,1201.06
2015-04-21,1197.9
2015-04-22,1197.41
2015-04-23,1189.89
2015-04-24,1188.09
2015-04-25,1179.48
2015-04-26,1179.48
2015-04-27,1188.41
2015-04-28,1204.9
2015-04-29,1209.22
2015-04-30,1196.97
2015-05-01,1179.74
2015-05-02,1178.47
2015-05-03,1178.47
2015-05-04,1184.62
2015-05-05,1190.8
2015-05-06,1193.16
2015-05-07,1186.14
2015-05-08,1186.08
2015-05-09,1188.41
2015-05-10,1188.41
2015-05-11,1187.09
2015-05-12,1188.24
2015-05-13,1200.84
2015-05-14,1217.82
2015-05-15,1220.41
2015-05-16,1224.07
2015-05-17,1224.07
2015-05-18,1226.14
2015-05-19,1217.82
2015-05-20,1209.02
2015-05-21,1208.7
2015-05-22,1207.68
2015-05-23,1205.97
2015-05-24,1205.97
2015-05-25,1205.26
2015-05-26,1196.94
2015-05-27,1187.7
2015-05-28,1188.19
2015-05-29,1189.57
2015-05-30,1190.43
2015-05-31,1190.43
2015-06-01,1190.69
2015-06-02,1190.22
2015-06-03,1190.45
2015-06-04,1181.38
2015-06-05,1174.16
2015-06-06,1172.01
2015-06-07,1172.01
2015-06-08,1173.26
2015-06-09,1177.33
2015-06-10,1183.24
2015-06-11,1183.3
2015-06-12,1181.52
2015-06-13,1181.7
2015-06-14,1181.7
2015-06-15,1182.52
2015-06-16,1183.64
2015-06-17,1180.47
2015-06-18,1194.08
2015-06-19,1200.99
2015-06-20,1200.3
2015-06-21,1200.3
2015-06-22,1193.29
2015-06-23,1182.85
2015-06-24,1176.45
2015-06-25,1174.97
2015-06-26,1174.07
2015-06-27,1175.38
2015-06-28,1175.38
2015-06-29,1180.42
2015-06-30,1175.38
2015-07-01,1171.95
2015-07-02,1165.86
2015-07-03,1167.87
2015-07-04,1168.9
2015-07-05,1168.9
2015-07-06,1168.4
2015-07-07,1163.85
2015-07-08,1156.27
2015-07-09,1161.1
2015-07-10,1161.38
2015-07-11,1163.64
2015-07-12,1163.64
2015-07-13,1158.69
2015-07-14,1155.68
2015-07-15,1152.99
2015-07-16,1146.4
2015-07-17,1140.9
2015-07-18,1134.47
2015-07-19,1134.47
2015-07-20,1113.84
2015-07-21,1103.87
2015-07-22,1095.14
2015-07-23,1096.78
2015-07-24,1086.52
2015-07-25,1099.53
2015-07-26,1099.53
2015-07-27,1097.4
2015-07-28,1095.11
2015-07-29,1096.37
2015-07-30,1090.89
2015-07-31,1088.54
2015-08-01,1095.57
2015-08-02,1095.57
2015-08-03,1092.74
2015-08-04,1088.38
2015-08-05,1086.54
2015-08-06,1086.97
2015-08-07,1091.58
2015-08-08,1094.17
2015-08-09,1094.17
2015-08-10,1097.44
2015-08-11,1106.41
2015-08-12,1116.19
2015-08-13,1119.33
2015-08-14,1115.59
2015-08-15,1114.92
2015-08-16,1114.92
2015-08-17,1117.28
2015-08-18,1117.85
2015-08-19,1122.78
2015-08-20,1141.61
2015-08-21,1157.34
2015-08-22,1161.11
2015-08-23,1161.11
2015-08-24,1158.27
2015-08-25,1147.95
2015-08-26,1133.06
2015-08-27,1125.45
2015-08-28,1130.39
2015-08-29,1133.74
2015-08-30,1133.74
2015-08-31,1133
2015-09-01,1140.49
2015-09-02,1138.01
2015-09-03,1129.76
2015-09-04,1123.64
2015-09-05,1121.58
2015-09-06,1121.58
2015-09-07,1121.25
2015-09-08,1121.53
2015-09-09,1117.74
2015-09-10,1108.56
2015-09-11,1108.24
2015-09-12,1107.76
2015-09-13,1107.76
2015-09-14,1107.6
2015-09-15,1106.65
2015-09-16,1110.93
2015-09-17,1120.72
2015-09-18,1133.9
2015-09-19,1139.06
2015-09-20,1139.06
2015-09-21,1136.1
2015-09-22,1130.18
2015-09-23,1127.66
2015-09-24,1140.31
2015-09-25,1146.91
2015-09-26,1146.23
2015-09-27,1146.23
2015-09-28,1138.95
2015-09-29,1129.98
2015-09-30,1121.74
2015-10-01,1114.81
2015-10-02,1120.12
2015-10-03,1138.49
2015-10-04,1138.49
2015-10-05,1136.14
2015-10-06,1140.62
2015-10-07,1148.09
2015-10-08,1143.7
2015-10-09,1150.13
2015-10-10,1156.36
2015-10-11,1156.36
2015-10-12,1161.75
2015-10-13,1160.55
2015-10-14,1174.26
2015-10-15,1184.7
2015-10-16,1180.13
2015-10-17,1176.74
2015-10-18,1176.74
2015-10-19,1173.51
2015-10-20,1173.22
2015-10-21,1173.51
2015-10-22,1166.82
2015-10-23,1168.12
2015-10-24,1164.46
2015-10-25,1164.46
2015-10-26,1165.11
2015-10-27,1165.21
2015-10-28,1169.89
2015-10-29,1155.99
2015-10-30,1145.74
2015-10-31,1142.18
2015-11-01,1142.18
2015-11-02,1138.64
2015-11-03,1130.38
2015-11-04,1117.51
2015-11-05,1108.34
2015-11-06,1101.78
2015-11-07,1089.81
2015-11-08,1089.66
2015-11-09,1091.93
2015-11-10,1091.62
2015-11-11,1089.38
2015-11-12,1085.58
2015-11-13,1083.45
2015-11-14,1083.85
2015-11-15,1083.89
2015-11-16,1089.44
2015-11-17,1078.94
2015-11-18,1069.48
2015-11-19,1076.62
2015-11-20,1082.03
2015-11-21,1077.78
2015-11-22,1077.76
2015-11-23,1071.55
2015-11-24,1073.2
2015-11-25,1074.88
2015-11-26,1072.03
2015-11-27,1065.18
2015-11-28,1057.76
2015-11-29,1057.76
2015-11-30,1058.88
2015-12-01,1068.51
2015-12-02,1064.46
2015-12-03,1054.68
2015-12-04,1068.54
2015-12-05,1086.55
2015-12-06,1086.53
2015-12-07,1081.93
2015-12-08,1072.72
2015-12-09,1076.78
2015-12-10,1073.4
2015-12-11,1070.5
2015-12-12,1074.87
2015-12-13,1074.83
2015-12-14,1071.09
2015-12-15,1063.36
2015-12-16,1067.26
2015-12-17,1063.6
2015-12-18,1057.93
2015-12-19,1066.22
2015-12-20,1066.23
2015-12-21,1072.12
2015-12-22,1077.2
2015-12-23,1072.21
2015-12-24,1073.69
2015-12-25,1076.24
2015-12-26,1076.24
2015-12-27,1076.24
2015-12-28,1072.51
2015-12-29,1070.75
2015-12-30,1066.86
2015-12-31,1061.89
2016-01-01,1060.66
2016-01-02,1060.63
2016-01-03,1060.63
2016-01-04,1070.24
2016-01-05,1077.43
2016-01-06,1083.68
2016-01-07,1099.91
2016-01-08,1102.63
2016-01-09,1104.14
2016-01-10,1104.16
2016-01-11,1102.67
2016-01-12,1092.61
2016-01-13,1085.95
2016-01-14,1088.49
2016-01-15,1084.09
2016-01-16,1088.78
2016-01-17,1088.78
2016-01-18,1090.24
2016-01-19,1088.41
2016-01-20,1095.71
2016-01-21,1099.57
2016-01-22,1098.48
2016-01-23,1097.66
2016-01-24,1097.65
2016-01-25,1102.97
2016-01-26,1113.76
2016-01-27,1119.34
2016-01-28,1119.3
2016-01-29,1114.86
2016-01-30,1118.13
2016-01-31,1118.14
2016-02-01,1122.68
2016-02-02,1126.77
2016-02-03,1130.91
2016-02-04,1146.83
2016-02-05,1156.22
2016-02-06,1173.49
2016-02-07,1173.51
2016-02-08,1176.86
2016-02-09,1192.38
2016-02-10,1189.51
2016-02-11,1222.11
2016-02-12,1239.14
2016-02-13,1237.97
2016-02-14,1237.95
2016-02-15,1216.77
2016-02-16,1206.01
2016-02-17,1205.68
2016-02-18,1211.83
2016-02-19,1228.39
2016-02-20,1226.38
2016-02-21,1226.33
2016-02-22,1214.42
2016-02-23,1217.87
2016-02-24,1232.76
2016-02-25,1234.39
2016-02-26,1231.58
2016-02-27,1223.01
2016-02-28,1223
2016-02-29,1229.21
2016-03-01,1239.85
2016-03-02,1232.45
2016-03-03,1245.12
2016-03-04,1264.92
2016-03-05,1259.32
2016-03-06,1259.28
2016-03-07,1264.79
2016-03-08,1269.08
2016-03-09,1256
2016-03-10,1255.3
2016-03-11,1267.2
2016-03-12,1250.35
2016-03-13,1250.36
2016-03-14,1250.26
2016-03-15,1232.11
2016-03-16,1235.17
2016-03-17,1261.75
2016-03-18,1257.44
2016-03-19,1255.3
2016-03-20,1255.3
2016-03-21,1247.9
2016-03-22,1248.66
2016-03-23,1233.42
2016-03-24,1219.49
2016-03-25,1217.3
2016-03-26,1217.3
2016-03-27,1217.3
2016-03-28,1216.36
2016-03-29,1224.22
2016-03-30,1235.13
2016-03-31,1230.94
2016-04-01,1227.16
2016-04-02,1222.37
2016-04-03,1222.37
2016-04-04,1218.3
2016-04-05,1226.74
2016-04-06,1226.11
2016-04-07,1232.44
2016-04-08,1237.62
2016-04-09,1239.67
2016-04-10,1239.67
2016-04-11,1250.97
2016-04-12,1256.88
2016-04-13,1248.78
2016-04-14,1234.37
2016-04-15,1230.14
2016-04-16,1234.07
2016-04-17,1234.07
2016-04-18,1235.57
2016-04-19,1241.89
2016-04-20,1250.53
2016-04-21,1251.92
2016-04-22,1243.96
2016-04-23,1232.39
2016-04-24,1232.39
2016-04-25,1235.25
2016-04-26,1238.2
2016-04-27,1245.76
2016-04-28,1254.37
2016-04-29,1278.9
2016-04-30,1293.35
2016-05-01,1293.35
2016-05-02,1294.18
2016-05-03,1292.35
2016-05-04,1281.43
2016-05-05,1279.11
2016-05-06,1282.74
2016-05-07,1287.74
2016-05-08,1287.74
2016-05-09,1276.33
2016-05-10,1264.34
2016-05-11,1272.36
2016-05-12,1272.34
2016-05-13,1270.51
2016-05-14,1273.07
2016-05-15,1273.07
2016-05-16,1277.58
2016-05-17,1276.16
2016-05-18,1272.87
2016-05-19,1254.92
2016-05-20,1254.69
2016-05-21,1252.24
2016-05-22,1252.24
2016-05-23,1250.95
2016-05-24,1240.67
2016-05-25,1224.72
2016-05-26,1226.11
2016-05-27,1217.45
2016-05-28,1212.99
2016-05-29,1212.99
2016-05-30,1206.02
2016-05-31,1212.49
2016-06-01,1214.86
2016-06-02,1213.65
2016-06-03,1221.44
2016-06-04,1244.25
2016-06-05,1244.25
2016-06-06,1243.54
2016-06-07,1242.96
2016-06-08,1253.07
2016-06-09,1263.64
2016-06-10,1269.72
2016-06-11,1273.78
2016-06-12,1273.78
2016-06-13,1280.42
2016-06-14,1282.66
2016-06-15,1284.99
2016-06-16,1300.19
2016-06-17,1286.34
2016-06-18,1298.64
2016-06-19,1298.64
2016-06-20,1285.85
2016-06-21,1279.51
2016-06-22,1267.17
2016-06-23,1263.8
2016-06-24,1306.03
2016-06-25,1315.72
2016-06-26,1315.72
2016-06-27,1326.18
2016-06-28,1316.37
2016-06-29,1319.49
2016-06-30,1317.67
2016-07-01,1332.3
2016-07-02,1341.23
2016-07-03,1341.23
2016-07-04,1348.75
2016-07-05,1348.56
2016-07-06,1366.66
2016-07-07,1363.76
2016-07-08,1357.78
2016-07-09,1366.24
2016-07-10,1366.24
2016-07-11,1361.68
2016-07-12,1348.44
2016-07-13,1338.99
2016-07-14,1334.12
2016-07-15,1331.13
2016-07-16,1337.47
2016-07-17,1337.47
2016-07-18,1329.4
2016-07-19,1330.7
2016-07-20,1325.24
2016-07-21,1320.28
2016-07-22,1326.2
2016-07-23,1322.3
2016-07-24,1322.3
2016-07-25,1317.85
2016-07-26,1319.36
2016-07-27,1323.07
2016-07-28,1338.87
2016-07-29,1340.48
2016-07-30,1351.2
2016-07-31,1351.2
2016-08-01,1350.07
2016-08-02,1357.74
2016-08-03,1361.91
2016-08-04,1357.34
2016-08-05,1354.02
2016-08-06,1336.12
2016-08-07,1336.12
2016-08-08,1334.97
2016-08-09,1336.17
2016-08-10,1348.6
2016-08-11,1344.9
2016-08-12,1340.7
2016-08-13,1336.24
2016-08-14,1336.24
2016-08-15,1339.47
2016-08-16,1346.87
2016-08-17,1344.99
2016-08-18,1351.59
2016-08-19,1346.2
2016-08-20,1341.6
2016-08-21,1341.6
2016-08-22,1336.45
2016-08-23,1339.51
2016-08-24,1333.96
2016-08-25,1324.2
2016-08-26,1324.66
2016-08-27,1320.53
2016-08-28,1320.53
2016-08-29,1320.28
2016-08-30,1319.78
2016-08-31,1311.78
2016-09-01,1309.66
2016-09-02,1316.39
2016-09-03,1325.47
2016-09-04,1325.47
2016-09-05,1325.75
2016-09-06,1333.71
2016-09-07,1348.33
2016-09-08,1344.4
2016-09-09,1335.33
2016-09-10,1326.99
2016-09-11,1326.99
2016-09-12,1327.03
2016-09-13,1326.49
2016-09-14,1321.5
2016-09-15,1320.12
2016-09-16,1312.78
2016-09-17,1310.19
2016-09-18,1310.19
2016-09-19,1314.15
2016-09-20,1314.99
2016-09-21,1321.32
2016-09-22,1335.38
2016-09-23,1336.93
2016-09-24,1338.17
2016-09-25,1338.17
2016-09-26,1337.43
2016-09-27,1333.35
2016-09-28,1324.47
2016-09-29,1321.99
2016-09-30,1322.35
2016-10-01,1316.07
2016-10-02,1316.07
2016-10-03,1314.93
2016-10-04,1298.62
2016-10-05,1270.72
2016-10-06,1261.99
2016-10-07,1254.87
2016-10-08,1257.47
2016-10-09,1257.47
2016-10-10,1260.73
2016-10-11,1257.15
2016-10-12,1254.85
2016-10-13,1257.92
2016-10-14,1255.32
2016-10-15,1251.59
2016-10-16,1251.59
2016-10-17,1254.06
2016-10-18,1260.06
2016-10-19,1266.1
2016-10-20,1269.28
2016-10-21,1265.2
2016-10-22,1266.38
2016-10-23,1266.38
2016-10-24,1265.1
2016-10-25,1268.51
2016-10-26,1272.21
2016-10-27,1268.24
2016-10-28,1270.37
2016-10-29,1275.8
2016-10-30,1275.8
2016-10-31,1275.62
2016-11-01,1282.5
2016-11-02,1295.62
2016-11-03,1298.65
2016-11-04,1301.82
2016-11-05,1305.12
2016-11-06,1305.12
2016-11-07,1288.54
2016-11-08,1281.66
2016-11-09,1294.3
2016-11-10,1277.68
2016-11-11,1251.22
2016-11-12,1227.77
2016-11-13,1227.86
2016-11-14,1221.38
2016-11-15,1225.2
2016-11-16,1227.8
2016-11-17,1225.47
2016-11-18,1210.02
2016-11-19,1207.93
2016-11-20,1207.88
2016-11-21,1212.43
2016-11-22,1215.24
2016-11-23,1205.38
2016-11-24,1186.11
2016-11-25,1183.57
2016-11-26,1184.29
2016-11-27,1184.29
2016-11-28,1190.72
2016-11-29,1189.74
2016-11-30,1184.82
2016-12-01,1170.4
2016-12-02,1174.07
2016-12-03,1177.24
2016-12-04,1177.29
2016-12-05,1171.77
2016-12-06,1171.39
2016-12-07,1171.83
2016-12-08,1174.39
2016-12-09,1166.4
2016-12-10,1159.81
2016-12-11,1159.84
2016-12-12,1158.55
2016-12-13,1160.42
2016-12-14,1160.12
2016-12-15,1135.79
2016-12-16,1132.49
2016-12-17,1134.7
2016-12-18,1134.73
2016-12-19,1138.7
2016-12-20,1134.12
2016-12-21,1133.72
2016-12-22,1130.78
2016-12-23,1131.24
2016-12-24,1132.39
2016-12-25,1132.39
2016-12-26,1132.39
2016-12-27,1138.31
2016-12-28,1140.47
2016-12-29,1148.45
2016-12-30,1158.12
2016-12-31,1151.59
2017-01-01,1151.61
2017-01-02,1151.61
2017-01-03,1154.12
2017-01-04,1162.49
2017-01-05,1174.51
2017-01-06,1176.72
2017-01-07,1172.69
2017-01-08,1172.69
2017-01-09,1177.48
2017-01-10,1184.63
2017-01-11,1187.99
2017-01-12,1199.21
2017-01-13,1195.47
2017-01-14,1197.4
2017-01-15,1197.38
2017-01-16,1202.63
2017-01-17,1210.72
2017-01-18,1213.49
2017-01-19,1202.41
2017-01-20,1204.97
2017-01-21,1210.3
2017-01-22,1210.39
2017-01-23,1214.64
2017-01-24,1214.56
2017-01-25,1203.77
2017-01-26,1194.55
2017-01-27,1186.04
2017-01-28,1191.09
2017-01-29,1191.09
2017-01-30,1193.28
2017-01-31,1202.97
2017-02-01,1208.66
2017-02-02,1216.13
2017-02-03,1215.08
2017-02-04,1220.56
2017-02-05,1220.6
2017-02-06,1225.47
2017-02-07,1232.64
2017-02-08,1236.36
2017-02-09,1238.97
2017-02-10,1227.49
2017-02-11,1233.75
2017-02-12,1233.76
2017-02-13,1228.77
2017-02-14,1227.64
2017-02-15,1227.12
2017-02-16,1236.63
2017-02-17,1239.11
2017-02-18,1234.76
2017-02-19,1234.72
2017-02-20,1235.99
2017-02-21,1234.01
2017-02-22,1236.08
2017-02-23,1241.21
2017-02-24,1253.68
2017-02-25,1257.31
2017-02-26,1257.33
2017-02-27,1256.9
2017-02-28,1253.51
2017-03-01,1245.1
2017-03-02,1242.72
2017-03-03,1230.59
2017-03-04,1234.96
2017-03-05,1234.97
2017-03-06,1231.96
2017-03-07,1222.83
2017-03-08,1213.53
2017-03-09,1205.78
2017-03-10,1199.54
2017-03-11,1204.67207
2017-03-12,1204.6815
2017-03-13,1206.060975
2017-03-14,1203.20223
2017-03-15,1203.284745
2017-03-16,1225.540405
2017-03-17,1228.100565
2017-03-18,1229.3345
2017-03-19,1229.3345
2017-03-20,1232.898495
2017-03-21,1235.237565
2017-03-22,1246.87043
2017-03-23,1247.064375
2017-03-24,1245.34347
2017-03-25,1243.449
2017-03-26,1243.449
2017-03-27,1255.654915
2017-03-28,1253.989445
2017-03-29,1251.316665
2017-03-30,1249.552985
2017-03-31,1244.1775
2017-04-01,1249.119
2017-04-02,1249.119
2017-04-03,1249.004765
2017-04-04,1256.603495
2017-04-05,1253.03916
2017-04-06,1253.82851
2017-04-07,1260.65431
2017-04-08,1254.437
2017-04-09,1254.437
2017-04-10,1253.19426
2017-04-11,1261.177595
2017-04-12,1275.59705
2017-04-13,1286.27227
2017-04-14,1287.5825
2017-04-15,1287.5825
2017-04-16,1287.5825
2017-04-17,1289.61547
2017-04-18,1285.8343
2017-04-19,1284.23769
2017-04-20,1279.89513
2017-04-21,1282.320425
2017-04-22,1284.265
2017-04-23,1284.265
2017-04-24,1273.62152
2017-04-25,1270.569785
2017-04-26,1264.484675
2017-04-27,1265.69477
2017-04-28,1266.02059
2017-04-29,1268.229
2017-04-30,1268.229
2017-05-01,1263.20782
2017-05-02,1255.933545
2017-05-03,1252.62617
2017-05-04,1234.410025
2017-05-05,1230.116385
2017-05-06,1228.368
2017-05-07,1228.368
2017-05-08,1229.954745
2017-05-09,1223.738085
2017-05-10,1222.02262
2017-05-11,1221.860625
2017-05-12,1227.638435
2017-05-13,1228.021
2017-05-14,1228.021
2017-05-15,1231.149245
2017-05-16,1234.6425
2017-05-17,1248.078055
2017-05-18,1257.37118
2017-05-19,1251.334875
2017-05-20,1255.759
2017-05-21,1255.759
2017-05-22,1256.809445
2017-05-23,1259.6648
2017-05-24,1252.54583
2017-05-25,1257.312835
2017-05-26,1262.368985
2017-05-27,1266.928
2017-05-28,1266.928
2017-05-29,1267.01502
2017-05-30,1265.39334
2017-05-31,1264.616
2017-06-01,1266.925875
2017-06-02,1267.627925
2017-06-03,1279.29
2017-06-04,1279.29
2017-06-05,1280.395985
2017-06-06,1288.2929
2017-06-07,1291.283765
2017-06-08,1283.069295
2017-06-09,1272.875075
2017-06-10,1266.732
2017-06-11,1266.732
2017-06-12,1267.292995
2017-06-13,1264.80767
2017-06-14,1269.279035
2017-06-15,1259.21516
2017-06-16,1254.46278
2017-06-17,1254.449
2017-06-18,1254.449
2017-06-19,1250.546945
2017-06-20,1244.755555
2017-06-21,1245.423735
2017-06-22,1250.991005
2017-06-23,1254.363995
2017-06-24,1256.7525
2017-06-25,1256.7525
2017-06-26,1249.06033
2017-06-27,1247.451945
2017-06-28,1250.630325
2017-06-29,1247.712595
2017-06-30,1244.074795
2017-07-01,1242.118
2017-07-02,1242.118
2017-07-03,1232.59664
2017-07-04,1223.67219
2017-07-05,1223.97496
2017-07-06,1225.24132
2017-07-07,1218.7234
2017-07-08,1212.935
2017-07-09,1212.935
2017-07-10,1211.420758
2017-07-11,1213.15226
2017-07-12,1219.65446
2017-07-13,1220.338628
2017-07-14,1223.317022
2017-07-15,1228.46
2017-07-16,1230.219143
2017-07-17,1232.701512
2017-07-18,1239.534889
2017-07-19,1241.198358
2017-07-20,1241.220236
2017-07-21,1249.799813
2017-07-22,1252.45
2017-07-23,1254.430835
2017-07-24,1255.202805
2017-07-25,1252.449936
2017-07-26,1250.450852
2017-07-27,1261.407684
2017-07-28,1263.710746
2017-07-29,1269.5605
2017-07-30,1270.358692
2017-07-31,1268.44568
2017-08-01,1269.558544
2017-08-02,1267.313122
2017-08-03,1265.6054
2017-08-04,1264.024512
2017-08-05,1257.21
2017-08-06,1257.867375
2017-08-07,1257.942732
2017-08-08,1259.790658
2017-08-09,1270.443308
2017-08-10,1281.63519
2017-08-11,1287.507808
2017-08-12,1287.71
2017-08-13,1288.806664
2017-08-14,1283.756698
2017-08-15,1273.610663
2017-08-16,1274.794272
2017-08-17,1286.848672
2017-08-18,1289.863947
2017-08-19,1289.15
2017-08-20,1282.71745
2017-08-21,1288.796346
2017-08-22,1286.526872
2017-08-23,1287.719309
2017-08-24,1287.354259
2017-08-25,1288.73498
2017-08-26,1290.755
2017-08-27,1293.13921
2017-08-28,1301.82113
2017-08-29,1316.691252
2017-08-30,1309.575088
2017-08-31,1311.352768
2017-09-01,1321.590138
2017-09-02,1323.66
2017-09-03,1335.624243
