"Date","合計","衣料品","衣料品:紳士服・洋品","衣料品:婦人･子供服・洋品","衣料品:その他の衣料品","衣料品:身の回り品","飲食料品","その他","その他:家具","その他:家庭用電気機械器具","その他:家庭用品","その他:その他の商品","その他:食堂･喫茶"
1980-01-01,8705.83,3911.53,869.59,1765.74,726.41,549.79,2464.77,2329.52,296.84,229.18,465.38,1186.14,151.98
1980-02-01,7875.95,3165.3,637.92,1415.04,674.18,438.16,2475.94,2234.71,398.99,183.05,433.4,1089.41,129.86
1980-03-01,10085.72,4471.06,847.68,2146.44,763.13,713.81,2790.66,2823.99,472.3,240.41,569.43,1370.23,171.62
1980-04-01,9465.97,3934.69,830.53,1809.1,686.05,609.01,2707.56,2823.73,453.63,245.1,611.65,1357.49,155.86
1980-05-01,9192.78,3914.09,843.02,1817.37,638.65,615.05,2676.16,2602.53,398.57,233.81,546.18,1261.46,162.51
1980-06-01,9506.35,4124.28,1007.31,1833.55,655.7,627.72,2775.04,2607.05,405.21,292.05,522.07,1223.74,163.98
1980-07-01,11455.44,4443.66,926.06,2028.23,797.1,692.27,4000.12,3011.66,443.9,312.08,574.7,1491.21,189.78
1980-08-01,9126.41,3324.54,605.12,1578.15,610.69,530.57,3207.81,2594.06,442.12,235.55,496.11,1222.24,198.05
1980-09-01,8644.62,3488.53,640.64,1606.14,669.95,571.8,2676.89,2479.2,417.96,215.52,505.12,1192.87,147.74
1980-10-01,9967.51,4459.03,978.42,2044.52,822,614.1,2798.42,2710.06,464.37,255.46,558.42,1281.24,150.56
1980-11-01,10421.8,4734.73,1111.7,2156.41,885.95,580.67,2957.04,2730.02,455.19,307.86,566.12,1239.27,161.59
1980-12-01,17404.14,7238.06,1887.32,3144.94,1294.05,911.75,5975.26,4190.82,610.34,472.56,816.97,2091.7,199.25
1981-01-01,9538.33,4167.82,921.01,1930.73,756.1,559.98,2813.11,2557.4,315.33,258.24,488.96,1332.03,162.84
1981-02-01,8377.52,3280.18,649.66,1499.49,691.33,439.7,2730.09,2367.25,412.76,196.92,445.42,1176.67,135.49
1981-03-01,10877.01,4728.23,916.33,2279.05,795.59,737.25,3080.61,3068.17,504.11,267.01,593.35,1519.21,184.49
1981-04-01,10310.46,4209.43,902.08,1956.52,704.66,646.17,3029.9,3071.12,488.19,263.91,642.84,1506.06,170.12
1981-05-01,10096.14,4167.46,911.88,1939.18,665.68,650.71,3064.51,2864.18,424.9,245.17,586.52,1429.79,177.8
1981-06-01,9920.73,4062.59,990.95,1775.9,660.16,635.57,3086.45,2771.7,408.91,273.98,538.91,1382.99,166.91
1981-07-01,12639.63,4821.02,1043.09,2224.45,831.15,722.33,4429.83,3388.77,471.55,436.34,605.03,1657.84,218.01
1981-08-01,9911.36,3481.33,630.25,1656.96,640.47,553.65,3544.99,2885.04,454.28,273.14,535.4,1396.56,225.66
1981-09-01,9460.07,3792.44,718.24,1764.67,700.56,608.97,2978.05,2689.57,433.1,236.78,540.56,1316.85,162.29
1981-10-01,10682.85,4711.25,1039.88,2189.56,849.78,632.04,3083.2,2888.41,467.25,276.4,592.25,1392.36,160.14
1981-11-01,11349.06,5110.23,1220.79,2354.53,916.42,618.49,3237.46,3001.37,472.6,352.67,595.71,1410.3,170.09
1981-12-01,18474.11,7506.66,1960.84,3317.91,1294.31,933.6,6478.78,4488.67,603.29,487.59,863.88,2319.79,214.12
1982-01-01,10248.44,4422.15,975.17,2092.66,769.85,584.47,3058.51,2767.77,338.95,265.76,523.74,1460.03,179.29
1982-02-01,8974.25,3495.83,695.66,1631.31,700.12,468.73,2949.43,2528.99,432.41,218.99,466.97,1266.84,143.79
1982-03-01,11281.32,4881.4,951.61,2383.15,789.7,756.94,3250.91,3149.01,512.48,271.25,610.77,1561,193.52
1982-04-01,10936.12,4433.12,962.21,2078,723.4,669.52,3286.5,3216.5,494.58,289.11,677.92,1574.58,180.31
1982-05-01,10814.85,4492.54,998.26,2119.75,691.55,682.98,3262.75,3059.56,443.05,285.51,618.23,1519.1,193.67
1982-06-01,10578.82,4308.58,1050.92,1902.43,666.37,688.86,3329.62,2940.62,428.72,308.92,568.84,1453.73,180.42
1982-07-01,12821.63,4769.79,996.31,2223.93,809.45,740.1,4696.17,3355.68,477.24,340.98,625.65,1700.37,211.45
1982-08-01,10351.43,3605.8,662.6,1725.37,643.93,573.89,3753.2,2992.43,483.74,287.8,562.85,1427.97,230.06
1982-09-01,9798.19,3863.02,724.17,1833.24,671.63,633.98,3164.92,2770.25,452.63,253.43,552.81,1345.11,166.27
1982-10-01,11348.99,4942.62,1097.76,2338.59,839.09,667.18,3332.46,3073.9,485.88,302.29,621.52,1486.01,178.21
1982-11-01,11322.75,4958.79,1143.17,2319.53,872.22,623.87,3315.08,3048.87,481.81,344.95,615.69,1431.4,175.02
1982-12-01,18861.55,7562.03,1965.51,3425.43,1248.4,922.69,6724.25,4575.27,626.31,520.31,883.83,2321.76,223.06
1983-01-01,10588.37,4563.3,1003.99,2205.22,758.87,595.22,3177.09,2847.98,341.04,288.7,541.96,1489.2,187.08
1983-02-01,9244.15,3546.85,713.71,1685.52,677.37,470.25,3096.09,2601.2,431.96,228.52,491.37,1297.78,151.58
1983-03-01,11556.94,4899.77,946.76,2416.31,773.18,763.52,3437.93,3219.24,519.25,289.16,629.87,1581.5,199.46
1983-04-01,11213.65,4577.63,990.54,2200.17,699.61,687.31,3365.14,3270.88,490.92,296.03,679.63,1619.48,184.83
1983-05-01,11063.1,4555.77,1006.07,2189.69,664.87,695.14,3416.78,3090.54,447.17,281.08,631.25,1532.46,198.57
1983-06-01,10590.21,4246.44,1039.58,1893,638.19,675.67,3434.61,2909.16,415.67,296.99,575.66,1440.19,180.66
1983-07-01,13447.19,4996.3,1071.43,2360.48,802.32,762.07,4972.12,3478.77,479.44,398.77,639.29,1735.68,225.59
1983-08-01,10680.79,3686.03,698.19,1796.13,620.13,571.59,3897.11,3097.64,472.27,357.79,561.96,1461.83,243.79
1983-09-01,9959.54,3791.75,688.49,1813.93,651.87,637.46,3268.22,2899.56,452.83,274.67,572.91,1424.31,174.83
1983-10-01,11880.04,5192.2,1159.46,2480.61,839.35,712.77,3485.66,3202.19,483.5,330.58,650.47,1551.27,186.37
1983-11-01,11791.28,5132.05,1198.14,2448.39,852.48,633.04,3491.35,3167.89,473.4,369.67,633.95,1509.46,181.41
1983-12-01,19447.38,7719.98,2007.91,3539.81,1220.19,952.07,6997.43,4729.97,610.11,564.09,904.78,2420.98,230.09
1984-01-01,11088.99,4756.45,1046.27,2332.25,746.06,631.85,3348.54,2984.02,336.79,323.06,561.1,1568.08,195.01
1984-02-01,9922.82,3789.59,770.57,1825.09,678.58,515.36,3388.46,2744.77,424.21,256.13,510.81,1391.03,162.59
1984-03-01,12106.16,5055.82,976.16,2523.26,767.96,788.46,3684.25,3366.08,521.05,320.83,659.02,1655.38,209.79
1984-04-01,11808.72,4777.63,1034.34,2310.14,707.49,725.66,3589.4,3441.69,500.89,317.89,713.51,1709.23,200.16
1984-05-01,11280.77,4611.5,1013.83,2221.52,663.4,712.75,3487.45,3181.82,447.55,301.05,643.41,1590.42,199.39
1984-06-01,11097.92,4528.26,1130.98,2026.33,656.53,714.42,3513.27,3056.39,426.09,343.41,593.23,1506.74,186.91
1984-07-01,14298,5321.77,1148.64,2541.18,818.9,813.04,5190.28,3785.95,515.34,499.64,672.98,1856.99,241.01
1984-08-01,10955.69,3796.36,709.46,1875.93,615.5,595.47,3988.63,3170.71,471,343.68,583.59,1522.03,250.41
1984-09-01,10610.98,4164.17,757.64,2038.12,675.26,693.16,3426.37,3020.43,450.05,282.18,603.34,1495.8,189.06
1984-10-01,11990.83,5263.17,1164.98,2545.75,823.88,728.55,3463.34,3264.32,496.72,323.72,659.12,1599.47,185.28
1984-11-01,12028.85,5252.22,1211.2,2544.5,845.25,651.26,3524.14,3252.48,486.49,380.88,650.34,1549.32,185.46
1984-12-01,20249.36,8102.61,2091.63,3778.06,1216.21,1016.72,7226.54,4920.21,627.65,586.84,937.29,2527.53,240.91
1985-01-01,11739.73,5133.85,1125.98,2578.67,758.98,670.22,3455.98,3149.9,361.01,339.64,589.01,1660.09,200.15
1985-02-01,9866.78,3777.57,745.47,1855.67,661.2,515.23,3275.33,2813.88,441.81,245.91,520.45,1443.77,161.94
1985-03-01,12720.88,5482.27,1072.6,2775.92,773.89,859.87,3721.19,3517.42,523.32,329.98,681.01,1764.73,218.36
1985-04-01,12098.74,5013.08,1094.05,2452.84,704.65,761.54,3571.45,3514.2,491.53,320.4,722.41,1778.08,201.79
1985-05-01,11708.99,4889.08,1078.73,2372.32,671.93,766.11,3545.05,3274.86,457.15,317.65,653.28,1648.16,198.62
1985-06-01,11513.66,4652.18,1164.67,2075.65,656.12,755.73,3685.78,3175.71,432.38,366.62,608.26,1574.58,193.87
1985-07-01,14791.52,5568.19,1211.55,2674.68,824.27,857.69,5359.79,3863.53,517.48,517.67,684.58,1902.12,241.7
1985-08-01,11351.39,3936.87,750.13,1948.65,610.94,627.16,4142.49,3272.03,467.73,352.48,596.15,1598.95,256.72
1985-09-01,10885.77,4300.45,781.73,2124.62,674.38,719.71,3505.25,3080.08,435.13,292.01,613.04,1546.26,193.63
1985-10-01,12611.98,5584.13,1236.89,2731.29,841.35,774.59,3646.93,3380.92,479.36,335.87,676.39,1692.32,196.99
1985-11-01,12525.01,5474.81,1273.55,2665.73,852.94,682.58,3676.38,3373.82,481.98,394.26,662.62,1642.61,192.36
1985-12-01,21000.24,8423.23,2192.88,3955.15,1220.14,1055.06,7461.85,5115.16,637.26,616.75,951.3,2660.02,249.84
1986-01-01,12418.42,5511.22,1195.94,2834.06,770.56,710.66,3610.08,3297.12,365.41,346.18,614.66,1759.45,211.41
1986-02-01,10414.43,4008.18,788.71,2002.37,665.62,551.47,3461.68,2944.57,430.38,264.06,546.58,1530.95,172.6
1986-03-01,13266.36,5776.55,1103.86,2985.48,770.52,916.69,3860.45,3629.36,521.79,334.97,710.11,1834.33,228.15
1986-04-01,12729.94,5320.7,1155.72,2629.85,721.08,814.04,3719.25,3689.99,510.69,334.74,763.91,1873.03,207.63
1986-05-01,12277.15,5147.63,1116.59,2519.7,683.74,827.61,3708.94,3420.58,447.59,328.76,685.68,1751.86,206.69
1986-06-01,12098.39,4954.92,1221.37,2245.28,671.7,816.56,3795.99,3347.49,437.62,386.11,638.82,1683.73,201.2
1986-07-01,15337.7,5728.13,1220.7,2770.01,815.36,922.06,5571.83,4037.75,528,520.93,709.9,2035.95,242.97
1986-08-01,12034.73,4220.78,799.32,2090.6,634.6,696.26,4330.15,3483.8,481.47,376.2,641.96,1718.27,265.9
1986-09-01,11288.24,4460.35,788.84,2222.77,673.62,775.13,3583.3,3244.59,468.25,307.28,637.7,1638.67,192.68
1986-10-01,13247.94,5987.01,1325.82,2962.43,862.44,836.32,3745.43,3515.5,497.17,364.29,712.23,1747.46,194.36
1986-11-01,13382.83,5950.81,1403.58,2916.57,877.84,752.81,3877.34,3554.68,481.63,434.62,707.08,1731.34,200
1986-12-01,21271.67,8347.64,2140.8,3914.22,1192.92,1099.7,7637.11,5286.93,637.61,647.93,999.41,2755.05,246.92
1987-01-01,12735.7,5704.53,1223.29,2944.44,762.72,774.08,3659.26,3371.9,356.5,373.5,637.36,1796.48,208.06
1987-02-01,10797.59,4196.73,806.62,2125.63,666.43,598.05,3516.19,3084.68,419.75,296.18,573.78,1619.51,175.46
1987-03-01,13775.44,5992.5,1137.86,3111.07,790.02,953.55,3933.2,3849.74,533.05,381.43,736.02,1967.39,231.85
1987-04-01,13297.98,5612.77,1223.09,2815.31,736.57,837.79,3820.43,3864.79,520.79,374.47,794.24,1964.22,211.07
1987-05-01,13200.16,5604.67,1237.27,2769.35,714.98,883.06,3909.25,3686.25,463.9,372.94,740.89,1892.24,216.28
1987-06-01,12677.34,5182.54,1274.84,2366.25,685.62,855.84,3916.1,3578.71,458.19,441.6,678.77,1790.77,209.37
1987-07-01,16003.2,5954.09,1259.87,2923.17,815.05,956,5764.43,4284.68,540.19,592.53,747.36,2153,251.6
1987-08-01,12495.03,4391.29,811.6,2191.23,644.44,744.02,4428.04,3675.7,493.22,418.33,673.87,1828.92,261.36
1987-09-01,12065.49,4841.63,861.04,2457.9,702.1,820.59,3737.7,3486.16,499.35,357.73,675.49,1759.9,193.69
1987-10-01,13753.18,6158.81,1364.94,3056.8,853.45,883.61,3853.5,3740.87,511.17,409.26,730.98,1893.63,195.82
1987-11-01,14174.15,6302.3,1484.95,3086.03,912.86,818.45,4013.49,3858.36,519.9,499.65,742.22,1892.26,204.33
1987-12-01,22568.93,8901.67,2293.81,4153.26,1243.64,1210.95,7956.11,5711.16,670.42,752.12,1047.16,2988.78,252.68
1988-01-01,13638.6,6122.68,1309.88,3165.21,797.29,850.3,3855.98,3659.94,392.01,418.45,679.01,1952.51,217.97
1988-02-01,11724.68,4526.24,884.74,2275.26,702.55,663.69,3790.62,3407.81,473.11,334.46,618.37,1803.9,177.97
1988-03-01,14405.47,6225.43,1186.87,3231.74,805.43,1001.39,4065.15,4114.89,570.51,432.1,760.06,2128.87,223.35
1988-04-01,14255.05,6076.38,1323.35,3064.56,767.19,921.28,3978.01,4200.66,561.72,423.07,826.84,2177.19,211.83
1988-05-01,14150.84,6034.72,1332.39,3007.22,742.9,952.22,4091.21,4024.9,496.19,427.18,769.51,2107.69,224.33
1988-06-01,13584.78,5587.64,1375.09,2580.47,719.68,912.41,4101.1,3896.04,493.17,490.53,704.78,1999.67,207.89
1988-07-01,17367.54,6471.45,1358.86,3203.6,866.48,1042.51,6188.03,4708.06,578.82,660,790.49,2424.32,254.43
1988-08-01,13103.62,4622.91,857.42,2303.55,675.54,786.4,4583.78,3896.93,530.36,442.63,684.12,1980.47,259.34
1988-09-01,12686.83,5090.07,894.88,2615.42,710.28,869.49,3862.77,3733.98,520.18,383.97,686.79,1948.07,194.97
1988-10-01,15059.21,6815.59,1532.27,3426.39,905.88,951.04,4106.98,4136.64,571.8,452.11,775.62,2128.82,208.29
1988-11-01,15104.48,6720.11,1610.91,3313.31,935.09,860.79,4216.43,4167.94,558.03,547.4,761.32,2091.62,209.56
1988-12-01,23763.14,9242.15,2413.98,4297.72,1242.83,1287.63,8361.74,6159.24,722.88,776.17,1090.51,3306.13,263.56
1989-01-01,14429.79,6471.15,1388.11,3357.83,801.09,924.12,4014.1,3944.54,430.18,453.64,706.86,2125.32,228.54
1989-02-01,12324.98,4822.67,940.77,2436.67,711.04,734.2,3904.98,3597.33,501.45,347.59,631.89,1928.03,188.36
1989-03-01,17978.78,8010.63,1537.8,4083.93,1112.11,1276.79,4474.16,5494,904.34,486.94,964.24,2886.53,251.95
1989-04-01,14261.81,5941.47,1301.25,3046.72,654.49,939,4118.44,4201.91,492.9,440.77,781.31,2258.47,228.46
1989-05-01,14762.28,6230.41,1352.73,3138.95,715.94,1022.79,4348.16,4183.71,478.51,425.94,763.65,2279.25,236.37
1989-06-01,14495.61,5942.31,1460.1,2767.3,728.67,986.25,4416,4137.3,506.58,489.02,720.04,2199.43,222.23
1989-07-01,18877.28,7120.49,1501.6,3559.09,898.87,1160.93,6670.67,5086.11,616.97,673.75,815.07,2697.59,282.74
1989-08-01,14140,4991.66,930.12,2501.51,693.16,866.86,4957.07,4191.28,549.28,477.29,709.33,2170.1,285.28
1989-09-01,13886.13,5576.76,946.66,2871.73,755.32,1003.05,4189.42,4119.96,584.34,401.71,732.02,2175.19,226.69
1989-10-01,16562.75,7608.23,1690.22,3869.39,947.9,1100.72,4397.51,4557.01,626.81,479.29,822.56,2391.88,236.46
1989-11-01,16067.82,7037.72,1634.49,3490.05,945.61,967.57,4479.87,4550.23,615.84,525.65,801.97,2373.53,233.25
1989-12-01,25975.55,10113.11,2588.55,4739.58,1302,1482.99,9044.21,6818.24,775,819.52,1165.59,3763.74,294.38
1990-01-01,16134.81,7385.02,1581.15,3851.08,882.96,1069.83,4389.53,4360.25,462.55,503.01,748.37,2400.23,246.1
1990-02-01,13558.51,5336.62,1027.91,2703.36,764.59,840.76,4286.04,3935.85,531.55,362.83,669.89,2167.13,204.46
1990-03-01,17617.51,7803.21,1463.39,4117.8,908.08,1313.94,4664.21,5150.08,724.83,468.34,860.31,2822.27,274.33
1990-04-01,16510.64,7043.7,1513.52,3546.87,836.12,1147.18,4559.36,4907.58,639.05,459.91,904.18,2646.65,257.79
1990-05-01,16301.61,6972.97,1504.1,3498.15,815.99,1154.73,4651.86,4676.78,583.81,440.68,830.47,2556.27,265.54
1990-06-01,16226.04,6819.82,1677.27,3195.56,811.48,1135.51,4764.4,4641.82,582.68,556.92,790.87,2453.99,257.36
1990-07-01,20568.26,7800.46,1613.59,3926.51,958.15,1302.21,7186.81,5581,659.65,722.76,886.72,2990.35,321.53
1990-08-01,15254.41,5340.37,972.63,2680.07,737.61,950.07,5355.65,4558.4,586.58,496.41,770.59,2387.02,317.79
1990-09-01,15143.01,6033.05,1063.9,3073.11,787.36,1108.69,4600.86,4509.1,633.51,413.36,789.96,2423.05,249.22
1990-10-01,17351.6,7763.38,1693.28,3936.27,963.13,1170.69,4786.44,4801.78,672.49,465.12,863.37,2548.16,252.65
1990-11-01,17123.13,7414.79,1709.13,3679.46,977.69,1048.51,4933.47,4774.87,647.1,529.78,821.97,2518.96,257.06
1990-12-01,27629.8,10681.72,2732.13,4969.54,1331.04,1649.01,9774.64,7173.44,827.83,788.55,1215.21,4007.47,334.37
1991-01-01,17464.09,7995.65,1722.57,4172.78,912.59,1187.71,4876.09,4592.34,478.61,500.25,797.82,2538.6,277.06
1991-02-01,14320.12,5545.74,1095.32,2793.81,772.77,883.85,4686.14,4088.23,547.94,363.32,693.23,2254.81,228.93
1991-03-01,18768.46,8317.74,1550.76,4363.15,949.58,1454.26,5185.98,5264.73,746.07,490.52,915.38,2812,300.77
1991-04-01,17373.85,7481.44,1594.29,3770.16,881.2,1235.79,4881.9,5010.51,693.68,467.34,938.26,2636.43,274.8
1991-05-01,17201.31,7395.73,1573.99,3746.01,830.37,1245.37,5015.39,4790.19,586.09,459.12,878.63,2586.35,279.99
1991-06-01,17581.19,7437.71,1818.18,3524.06,843.46,1252.01,5323.34,4820.14,574.04,590.34,853.29,2522.62,279.85
1991-07-01,21496.15,8197.46,1640.51,4179.9,981.04,1396,7666.52,5632.17,691.48,668.57,934.35,3000.92,336.85
1991-08-01,16472.99,5837.14,1041.77,2948.59,783.69,1063.09,5845.2,4790.65,646.98,492.02,831.17,2478.35,342.12
1991-09-01,15851.13,6374.48,1121.67,3239.41,811.61,1201.79,4893.13,4583.52,633.97,425.8,821.45,2436.57,265.74
1991-10-01,18283.31,8197.48,1776.27,4153.59,994.27,1273.35,5167.98,4917.85,678.05,479.99,912.76,2580.29,266.75
1991-11-01,18289.49,7968.94,1837.48,3996.79,1008.58,1126.09,5386.82,4933.73,660.29,558.13,877.62,2564.33,273.36
1991-12-01,28539.88,10897.4,2762.71,5052.63,1327.88,1754.17,10317.35,7325.13,874.84,811.84,1274.23,4011.89,352.32
1992-01-01,18162.66,8221,1719.52,4318.3,920.21,1262.97,5183.66,4757.99,499.48,511.28,848.75,2606.39,292.09
1992-02-01,15245.01,5838.26,1131.25,2945.97,791.46,969.57,5124.88,4281.88,575.22,381.68,755.09,2320.96,248.93
1992-03-01,19055.53,8319.13,1504.62,4381.19,925.96,1507.37,5465.06,5271.34,701.3,499.65,938.89,2820.79,310.71
1992-04-01,17795.08,7506.81,1550.19,3815.96,860.71,1279.96,5200,5088.28,665.02,470.25,977.79,2693.44,281.77
1992-05-01,17760.34,7506.43,1552.75,3804.5,841.01,1308.17,5393.9,4860.01,600.42,461.12,920.76,2588,289.71
1992-06-01,17276.42,7127.55,1665.22,3414.5,820.45,1227.39,5491.02,4657.85,551.79,494.53,846.73,2487.57,277.23
1992-07-01,21563.29,8312.75,1649.1,4290.81,963.23,1409.61,7864.41,5386.14,628.8,629.07,914.2,2875.73,338.34
1992-08-01,16302,5691.77,1013.17,2865.57,755.43,1057.6,5987.03,4623.2,579.84,467.57,826.71,2406.38,342.7
1992-09-01,15593.33,6185.41,1063.23,3200.13,781.88,1140.18,5000.66,4407.25,559.19,392.25,815.4,2376.8,263.62
1992-10-01,18051.36,8094.54,1726.1,4170.21,944.81,1253.41,5218.65,4738.18,637.14,447.46,891.66,2493.74,268.18
1992-11-01,17954.74,7745.41,1730.71,3928.48,963.03,1123.19,5431.75,4777.58,611.37,536.41,860.39,2496.29,273.12
1992-12-01,27278.67,10292.2,2518.11,4837.26,1249.87,1686.97,10163.77,6822.7,759.55,731.06,1224.43,3771.73,335.93
1993-01-01,17886.58,8112.64,1661.47,4313.17,877.26,1260.74,5252.34,4521.6,453.68,469.17,826.46,2487.66,284.62
1993-02-01,14679.6,5642.7,1052.33,2893.98,740.22,956.18,4987.56,4049.34,529.75,353.31,726.68,2204.07,235.53
1993-03-01,17842.55,7649.13,1298.46,4070.4,857.05,1423.22,5320.43,4872.99,598.54,450.74,892.21,2635.45,296.05
1993-04-01,17312.68,7193.51,1399.5,3724.61,822.12,1247.29,5224.26,4894.91,587.91,452.53,954.52,2620.67,279.28
1993-05-01,17323.08,7245.03,1416.28,3741.69,798.17,1288.9,5388.46,4689.59,557.09,440.51,884.28,2512.85,294.86
1993-06-01,16673.19,6784.89,1532.46,3272.18,784.89,1195.36,5464.7,4423.61,503.44,483.87,815.17,2357.45,263.68
1993-07-01,20772.59,7804.51,1463.47,4064.71,897.88,1378.45,7873.48,5094.59,593.04,554.73,890.07,2739.79,316.96
1993-08-01,15940.8,5470.45,945.04,2772.44,717.81,1035.17,6015.52,4454.82,557,439.66,804.77,2338.15,315.25
1993-09-01,15273.43,5986.58,994.37,3127.86,734.9,1129.44,5097.84,4189.02,494.96,398.26,794.5,2253.21,248.09
1993-10-01,17754.12,7809.25,1592.03,4086.46,910.51,1220.25,5369.61,4575.26,562.89,453.58,873.02,2418.76,267
1993-11-01,17035.06,7159.66,1510.74,3666.12,887.2,1095.6,5400.22,4475.18,528.81,489.45,824.54,2375.41,256.97
1993-12-01,26403.73,9784.12,2320.9,4632.19,1175.75,1655.27,10052.18,6567.44,702.48,729.23,1170.46,3635.91,329.35
1994-01-01,17798.65,7907.32,1589.69,4241.02,843.64,1232.96,5410.86,4480.47,448.5,477.81,825.36,2449.11,279.7
1994-02-01,14530.17,5372.41,1010.93,2754.92,702.24,904.32,5184.11,3973.65,535.58,364.94,713.19,2132.55,227.39
1994-03-01,17617.84,7295.02,1212.41,3906.97,817.32,1358.32,5480.4,4842.42,589.5,483.74,885.75,2601.99,281.44
1994-04-01,17055.05,7064.36,1345.03,3709.99,784.97,1224.36,5206.84,4783.85,554.54,457.55,918.57,2594.14,259.05
1994-05-01,17021.78,7047.16,1353.82,3683.77,760.11,1249.47,5433.46,4541.16,499.73,429.46,860.1,2474.22,277.66
1994-06-01,16776.53,6772.46,1503.14,3321.24,744.18,1203.9,5595.78,4408.29,463.92,484.17,821.57,2378.87,259.76
1994-07-01,21896.2,8098.3,1548.99,4260.93,886.45,1401.92,8180.02,5617.89,577.72,775.64,968.12,2954.41,342
1994-08-01,16555.4,5400.02,912.9,2783.33,685.14,1018.66,6442.2,4713.17,525.19,524.93,851.64,2487.92,323.49
1994-09-01,15667.98,5795.12,926.16,3029.73,703.92,1135.31,5532.1,4340.77,470.43,427.57,818.89,2370.11,253.78
1994-10-01,18071.22,7547.84,1488.05,3949,872.56,1238.23,5775.85,4747.53,533.33,491.04,897.45,2561.33,264.38
1994-11-01,17899.15,7309.23,1542.67,3757.58,886,1122.97,5856.68,4733.24,525.54,533.29,860.81,2561.98,251.61
1994-12-01,27038.2,9693.8,2270.49,4600.79,1139.72,1682.79,10481.72,6862.69,701.6,806.18,1217.76,3814.06,323.1
1995-01-01,18207.43,7736.11,1569.87,4125.08,821.8,1219.36,5781.45,4689.86,426.29,564.63,849.77,2582.13,267.04
1995-02-01,15174.23,5434.44,1020.59,2804.92,689.33,919.6,5577.83,4161.96,473.55,423.99,772.63,2270.45,221.35
1995-03-01,18256.18,7262.21,1215.08,3874.07,806.16,1366.9,6001.14,4992.82,544.34,535.54,905.96,2725.81,281.18
1995-04-01,17867.77,6962.65,1318.36,3634.53,766.59,1243.17,5869.08,5036.05,529.06,523.29,966.61,2756.91,260.18
1995-05-01,17704.23,7030.46,1338.06,3676.47,743.11,1272.82,5959.72,4714.04,477.72,481.17,884.65,2604.51,266
1995-06-01,17473.46,6796.31,1511.52,3306.5,733.5,1244.78,6075.79,4601.36,445.01,520.14,860.19,2522.06,253.96
1995-07-01,21949.27,8044.18,1543.14,4208.25,869.12,1423.68,8349.29,5555.79,555.22,735.31,948.19,2993.99,323.09
1995-08-01,16974.81,5497.5,943.23,2833.65,669.79,1050.84,6666.58,4810.72,503.38,558.7,844.01,2581.13,323.5
1995-09-01,16243.37,6076.58,979.68,3248.62,699.16,1149.13,5780.87,4385.91,442.32,446.28,838.15,2409.93,249.23
1995-10-01,18069.69,7474.12,1479.54,3930.1,821.11,1243.36,5847.97,4747.6,498.03,485.14,904.58,2598.62,261.24
1995-11-01,18358.81,7504.13,1619.13,3863.99,869.1,1151.91,6013.76,4840.92,514.43,566.11,885.58,2621.43,253.37
1995-12-01,27118.37,9546.35,2248.45,4508.68,1112.31,1676.92,10664.65,6907.36,673.62,794.81,1251.9,3870.29,316.74
1996-01-01,19171.51,8070.86,1640.45,4289.83,831.19,1309.39,6119.37,4981.27,450.28,574.62,890.08,2788.51,277.79
1996-02-01,15817.04,5580.42,1066.16,2852.33,683.75,978.19,5894.46,4342.16,478.72,415.33,788.62,2425.44,234.04
1996-03-01,19294.05,7686.55,1300.67,4111.84,806.87,1467.17,6286.89,5320.6,566.11,535.64,976.28,2950.18,292.39
1996-04-01,18187.79,7027.19,1310.45,3690.25,756.34,1270.16,6005.06,5155.54,524.27,506.42,979.92,2878.7,266.23
1996-05-01,18068.89,7118.56,1335.15,3719.51,732.77,1331.13,6100.13,4850.2,455.3,471.46,912.82,2740.57,270.06
1996-06-01,18350.69,7115.36,1600.45,3454.72,741.28,1318.91,6336.38,4898.95,438.66,563.23,906.87,2725.15,265.04
1996-07-01,21610.45,7730.55,1420.02,4070.2,825.83,1414.5,8342.69,5537.22,501.44,675.34,946.95,3104.31,309.18
1996-08-01,17298.06,5533.14,917.36,2870.95,661.08,1083.76,6844.57,4920.36,471.79,505.15,891.55,2738.22,313.65
1996-09-01,16722.11,6258.59,992.55,3372.85,688.32,1204.87,5922.92,4540.6,417.63,431.55,855.83,2579.53,256.06
1996-10-01,18876.75,7853.17,1542.16,4180.1,828.46,1302.45,6140.65,4882.93,481.38,479.25,924.99,2734.21,263.09
1996-11-01,18961.59,7632.27,1618.16,3958.37,842.89,1212.85,6335.2,4994.11,478.75,552.72,911.6,2791.74,259.3
1996-12-01,27402.67,9512.81,2207.27,4510.75,1074.6,1720.19,10840.64,7049.21,631.98,787.43,1277.87,4031.92,320.01
1997-01-01,19732.38,8175.36,1662.84,4352.96,815.36,1344.2,6463.74,5093.28,435.71,577.74,899.59,2908.31,271.93
1997-02-01,16081.98,5598.59,1072.4,2855.66,678.59,991.94,5986.16,4497.23,503.87,451.84,791.65,2520.77,229.09
1997-03-01,22681.51,9172.29,1572.46,4844.53,1014.14,1741.16,6708.9,6800.32,813.48,797.28,1165.93,3717.32,306.31
1997-04-01,17294.27,6461.88,1225.18,3463.19,602.72,1170.79,6076.99,4755.4,409.94,453.17,930.79,2697.17,264.33
1997-05-01,18088.2,7048.59,1324.55,3744.55,655.79,1323.7,6321.89,4717.72,385.58,422.23,907.97,2726.88,275.06
1997-06-01,18180.73,6818.41,1518.71,3366.58,661.61,1271.52,6609.77,4752.55,393.34,474.86,901.23,2714.72,268.4
1997-07-01,21845.78,7732.68,1428.94,4132.45,760.2,1411.09,8677.14,5435.96,454.35,592.2,970.42,3101.92,317.07
1997-08-01,17810.66,5537.1,926.47,2901.96,629.64,1079.03,7217.29,5056.27,457.62,486.16,913.49,2876.77,322.22
1997-09-01,16977.53,6198.88,984.06,3394.77,626.14,1193.91,6187.1,4591.55,399.57,437.2,856.15,2634.16,264.47
1997-10-01,19124.44,7764.65,1515.66,4190.27,766.57,1292.16,6432.93,4926.86,451.28,467.49,925.02,2807.28,275.78
1997-11-01,19152.26,7493.62,1585.7,3946.54,768.89,1192.49,6631.45,5027.2,443.54,507.19,927.37,2872.34,276.76
1997-12-01,27159.6,9164.54,2095.18,4411.41,967.84,1690.11,11006.1,6988.96,555.27,707.26,1274.47,4121.79,330.17
1998-01-01,19876.12,8083.45,1633.9,4363.16,744.33,1342.05,6708.64,5084.03,378.55,542.87,895.12,2984.66,282.82
1998-02-01,15731.86,5315.18,1009.58,2769.48,590.64,945.48,6125.16,4291.52,439.54,383.93,751.75,2482.13,234.17
1998-03-01,20006.5,7912.03,1326.93,4336.18,736.86,1512.06,6711.53,5382.94,490.84,527.15,967.67,3093.46,303.83
1998-04-01,18695.15,7169.13,1332.06,3863.99,674.72,1298.36,6442.57,5083.46,433.92,464.16,960.86,2950.22,274.31
1998-05-01,18674.44,7083.49,1325.66,3784.63,641.22,1331.98,6687.79,4903.16,385.73,443.65,913.16,2875.76,284.86
1998-06-01,17970.77,6447.49,1372.75,3229.71,612.72,1232.31,6804.76,4718.52,358.93,468.65,861.57,2764.67,264.71
1998-07-01,21750.44,7650.93,1392.54,4172.89,715.08,1370.42,8685.4,5414.11,428.14,592.33,928.43,3140.37,324.84
1998-08-01,17676.4,5379.88,903.89,2843.16,582.16,1050.67,7323.92,4972.6,409.64,472.92,874.09,2897.44,318.52
1998-09-01,16765.97,5766.5,862.01,3173.29,562.25,1168.95,6441.48,4557.99,355.86,419.48,827.54,2696.87,258.24
1998-10-01,18880.86,7321.35,1350.24,3998.64,680,1292.47,6769.36,4790.15,407.73,419.21,885.1,2816.52,261.59
1998-11-01,19582.42,7425.13,1537.81,3952.92,730.07,1204.32,7065.01,5092.28,445.48,512.6,894.62,2975.32,264.27
1998-12-01,26873.62,8756.12,1952.49,4262.78,890.01,1650.85,11133.52,6983.97,541.43,704.45,1232.91,4191.81,313.36
1999-01-01,19741.03,7746.98,1538.02,4223.81,684.95,1300.2,6968.67,5025.38,366.88,485.58,859.08,3044.18,269.65
1999-02-01,15880.35,5158.44,949.1,2720.39,541.74,947.21,6472.24,4249.68,393.29,357.74,741.67,2534.61,222.36
1999-03-01,19052.48,7183.93,1167.19,3979.13,640.39,1397.21,6826.46,5042.09,441.75,459.44,888.47,2973.43,279
1999-04-01,18529.62,6733.51,1186.64,3692.87,591.98,1262.04,6773.05,5023.06,410.3,439.36,923.66,2991.35,258.39
1999-05-01,18664.81,6895.48,1255.76,3698.53,589.38,1351.82,6913.87,4855.46,371.61,408.62,884.88,2917.45,272.9
1999-06-01,18213.07,6468.1,1380.92,3237.63,584.04,1265.51,7049.59,4695.38,345.26,459.88,848.54,2789.63,252.07
1999-07-01,21745.22,7556.86,1337.39,4116.49,667.15,1435.82,8804.53,5383.83,395.22,550.43,921.75,3210.91,305.52
1999-08-01,17777.42,5236.58,841.97,2809.15,527.8,1057.66,7603.55,4937.28,398.57,459.45,830.01,2942.62,306.64
1999-09-01,16970.15,5570.67,802.09,3101.91,519.45,1147.22,6782.07,4617.41,339.57,458.83,803.44,2765,250.57
1999-10-01,19477.15,7439.75,1356.01,4124.95,641.42,1317.36,7053.3,4984.1,406.37,487.72,868.76,2958.98,262.29
1999-11-01,18778.57,6874.11,1357.95,3723.06,631.8,1161.31,7002.34,4902.12,383.93,466.53,840.86,2961.76,249.04
1999-12-01,26414.16,8454.45,1829.04,4170.43,806.23,1648.74,11066.63,6893.08,484.97,654.4,1189.1,4258.92,305.7
2000-01-01,19412.72,7430.62,1404.11,4120.94,606.37,1299.2,6978.76,5003.34,344.52,471.11,822.78,3097.5,267.43
2000-02-01,16249.19,5170.41,914.36,2767.62,508.18,980.25,6651.92,4426.86,429.02,383.22,721.61,2665.36,227.67
2000-03-01,18854.94,6891.31,1034.35,3880.16,591.72,1385.09,6901.1,5062.53,407.44,436.13,839.56,3103.93,275.46
2000-04-01,18256.85,6525.97,1111.59,3597.59,540.28,1276.5,6735.64,4995.24,371.27,417.53,851.61,3097.75,257.08
2000-05-01,18097.73,6523.02,1146.62,3518.73,540.43,1317.24,6799.95,4774.75,340.08,388.01,804.47,2980.15,262.04
2000-06-01,17784.62,6071.83,1259.65,3054.95,536.95,1220.29,7042.76,4670.02,334.95,435.37,783.02,2875.5,241.19
2000-07-01,21009.75,7053.23,1211.33,3866.89,610.76,1364.24,8676.48,5280.05,367.36,557.22,838.75,3219.19,297.53
2000-08-01,17063.13,4817.49,727.87,2592.91,486.57,1010.15,7476.75,4768.88,359.13,403.1,756.24,2961.98,288.43
2000-09-01,16399.47,5381.17,737.41,2988.45,481.97,1173.33,6688.62,4329.68,288.21,362.75,719.07,2723.31,236.35
2000-10-01,18935.06,7196.15,1272.81,3992.23,619.93,1311.18,6955.66,4783.24,384.88,445.02,790.06,2914.41,248.86
2000-11-01,18546.42,6703.83,1287.6,3622.37,609.97,1183.89,7094.06,4748.53,367.54,434.76,765.2,2938.97,242.07
2000-12-01,25728.91,8202.17,1687.63,4010.24,779.77,1724.52,10877.53,6649.22,461.23,586.11,1079.36,4222.44,300.08
2001-01-01,19487.91,7220.78,1354.16,3966.36,598.62,1301.64,7294.96,4972.17,323.5,469.13,761.41,3156.51,261.61
2001-02-01,15899.86,4926.11,833.96,2632.16,474.19,985.8,6742.62,4231.14,348.7,371.57,660.71,2631.1,219.06
2001-03-01,18736.69,6657.07,965.07,3759.41,541.34,1391.25,7073.75,5005.88,366.73,515.24,770.52,3084.91,268.48
2001-04-01,18068.18,6321.77,1036.85,3495.85,504.81,1284.26,6888.15,4858.26,338.58,373.56,786.37,3109.3,250.44
2001-05-01,17912.28,6255.24,1063.96,3372.81,502.25,1316.21,7067.15,4589.89,323.55,328.65,755.82,2930.56,251.31
2001-06-01,17736.23,5983.35,1216.14,3017.81,510.12,1239.28,7274.42,4478.45,300.91,380.23,744.03,2811.31,241.97
2001-07-01,20651.94,6785.94,1132.37,3710.24,575.65,1367.68,8753.87,5112.14,351.89,493.69,802.64,3169.85,294.08
2001-08-01,16942.87,4633.56,677.1,2482.88,448.98,1024.6,7716.77,4592.53,319.67,348.52,719.48,2928.9,275.96
2001-09-01,16534.76,5496.4,763.14,3077.64,465.57,1190.06,6822.09,4216.27,268.16,318.9,695.61,2698.41,235.2
2001-10-01,17872.47,6530.23,1124.28,3619.82,541.55,1244.57,6875.98,4466.27,320.41,341.24,720.59,2841.15,242.88
2001-11-01,18641.31,6643.88,1236.2,3622.23,575.03,1210.42,7279.31,4718.12,350.45,381.69,755.32,2989.59,241.07
2001-12-01,24924.17,7684.48,1541.33,3779.02,700.85,1663.27,10780.05,6459.64,411.8,505.15,1025.66,4225.93,291.09
2002-01-01,19264.12,7003.59,1246.91,3868.12,559.91,1328.65,7438.02,4822.51,289.62,408.76,757.66,3110.67,255.79
2002-02-01,15173.8,4543.34,730.81,2436.12,411.32,965.09,6683.56,3946.9,288.13,281.62,623.83,2545.24,208.08
2002-03-01,18489.1,6647.5,958.6,3779.47,497.09,1412.34,7103.46,4738.14,342.12,317.14,743.44,3073.14,262.3
2002-04-01,17672.03,6072.28,973.62,3352.6,470.02,1276.05,6938.32,4661.42,309.75,303.25,747.35,3060.99,240.08
2002-05-01,17693.78,5944.25,969.06,3201.28,472.84,1301.06,7242.89,4506.65,270.89,298.32,728.57,2959.96,248.91
2002-06-01,17813.31,5778.57,1156.28,2927.57,473.23,1221.48,7654.93,4379.81,275.4,315.34,709.06,2844.29,235.72
2002-07-01,19643.33,6246.06,1007.86,3438.4,526.17,1273.64,8697.45,4699.81,299.56,366.45,729.12,3034.95,269.75
2002-08-01,17186.83,4634.37,672.75,2490.23,425.32,1046.07,8023.7,4528.76,286.46,312.4,688.14,2964.27,277.49
2002-09-01,16620.78,5373.41,744.05,3006.14,433.89,1189.33,7157.23,4090.14,248.13,250.66,626.17,2736.58,228.59
2002-10-01,17757.48,6232.71,1050.03,3443.97,520.24,1218.48,7213.99,4310.78,297.01,278.46,643.96,2865.45,225.91
2002-11-01,18914.59,6580.03,1243.05,3556.45,563.53,1217,7730.23,4604.33,328.38,321.83,679.46,3044.62,230.05
2002-12-01,24099.26,7158.53,1386.87,3502.8,650.06,1618.81,10878.92,6061.81,366.88,386.53,884.89,4151.52,271.99
2003-01-01,19114.09,6762.17,1178.88,3762.94,532.81,1287.53,7750.56,4601.36,265.73,336.2,675.23,3086.27,237.92
2003-02-01,15482.62,4517.16,715.95,2421.11,398.31,981.79,7078.98,3886.48,278.86,233.95,575.36,2597.67,200.64
2003-03-01,18414.73,6267.31,878.25,3546.83,466.68,1375.56,7544.29,4603.13,309.14,267.35,677.92,3085.53,263.18
2003-04-01,17462.43,5768.84,918.49,3193.91,438.2,1218.24,7291.02,4402.57,282.71,215.93,662.79,3011.55,229.59
2003-05-01,17490.35,5781.23,946.41,3109.54,446.58,1278.69,7426.67,4282.46,248.19,204.05,654.86,2943.77,231.59
2003-06-01,17664.11,5685.04,1136.25,2883.79,458.07,1206.93,7771.56,4207.51,249.47,228.76,638.81,2863.86,226.61
2003-07-01,19234.75,6067.79,956.64,3344.03,496.41,1270.71,8712.99,4453.96,263.79,247.37,649.87,3041.77,251.17
2003-08-01,17008.74,4535.66,656.52,2411.48,414.59,1053.07,8092.11,4380.97,270.09,229.59,626.36,2994.89,260.04
2003-09-01,16107.14,4966.05,686.87,2755.5,401.87,1121.82,7196.22,3944.88,218.15,208.27,598.35,2698.94,221.17
2003-10-01,18114.71,6456.73,1112.59,3599.48,508.26,1236.4,7427.99,4229.99,288.81,227.82,639.54,2847.38,226.43
2003-11-01,18116.26,6022.67,1115.83,3246.76,497.43,1162.65,7791.97,4301.62,277.11,242.19,636.87,2916.43,229.02
2003-12-01,23382.61,6884.07,1318.24,3374.2,615.87,1575.77,10728.14,5770.4,324.57,321.51,835.61,4028.84,259.87
2004-01-01,19045.64,6664.99,1154.11,3705.03,509.85,1296.01,7909.22,4471.42,242.46,272.6,655.45,3063.5,237.41
2004-02-01,15823.13,4579.3,715.57,2486.54,381.85,995.34,7431.97,3811.86,254.66,195.33,562.49,2591.64,207.74
2004-03-01,17887.98,6029.24,848.67,3418.62,429.3,1332.65,7617.5,4241.23,280.13,242.17,617.02,2856.34,245.58
2004-04-01,17232.58,5662.13,907.6,3110.81,410.76,1232.96,7328.9,4241.54,257.31,223.51,622.66,2912.67,225.39
2004-05-01,17263.72,5577.89,913.62,2978.17,421.78,1264.32,7571.18,4114.65,234.3,219.24,611.33,2813.5,236.28
2004-06-01,17148.94,5269.48,1022.31,2683.96,415.54,1147.67,7905.5,3973.96,230.57,247.32,578.13,2697.87,220.06
2004-07-01,19354.34,6068.04,962.21,3352.56,461.73,1291.53,8919.15,4367.16,265.58,296.82,609.5,2930.82,264.43
2004-08-01,16536.43,4253.75,603.19,2270.86,363.82,1015.88,8229.79,4052.89,247.33,238.05,567.47,2751.92,248.11
2004-09-01,15970.87,4659.93,628,2564.11,367.63,1100.19,7436.51,3874.43,213.81,217.59,560.15,2670.28,212.6
2004-10-01,17833.25,6021.49,1036.47,3278.44,477.02,1229.56,7737.32,4074.44,257.9,253.85,588.02,2755.09,219.59
2004-11-01,17609.93,5529.77,991.04,2968.23,449.32,1121.19,7962.88,4117.27,265.04,252.81,588.61,2795.05,215.76
2004-12-01,22965.53,6514.03,1219.38,3168.52,544.39,1581.74,10829.83,5621.67,321.55,330.05,784.99,3931.43,253.65
2005-01-01,19287.08,6761.68,1167.63,3737,497.6,1359.45,8112.29,4413.11,257.67,301.3,623.07,2995.73,235.34
2005-02-01,15154.84,4189.63,659.66,2210.56,353.42,965.99,7391.02,3574.18,231.02,204.81,503.44,2446.22,188.69
2005-03-01,17442.75,5625.54,793.4,3149.9,410.45,1271.8,7609.17,4208.04,271.29,232.92,621.06,2858.19,224.58
2005-04-01,17135.44,5510.54,886.02,3023.4,394.87,1206.25,7434.94,4189.96,251.27,214.82,620.92,2893.45,209.5
2005-05-01,17146.79,5410.54,896.99,2890.46,395.72,1227.37,7631.18,4105.06,225.22,208.23,603.06,2849.81,218.74
2005-06-01,17139.46,5296.42,1050.51,2686.37,412.16,1147.38,7875.62,3967.42,216.47,232.53,584.63,2727.38,206.41
2005-07-01,19285.31,6075.13,973.67,3348.94,454.24,1298.28,8865.81,4344.36,249.87,268.22,624.57,2953.97,247.73
2005-08-01,16324.17,4175.9,605,2239.98,348.82,982.1,8097.45,4050.82,220.9,224.11,570.54,2797.17,238.11
2005-09-01,15819.02,4606.76,615.35,2550.05,349.69,1091.67,7334.56,3877.7,211.89,205.12,567.08,2687.43,206.17
2005-10-01,17485.82,5893.41,1004.89,3216.04,445.81,1226.67,7491.89,4100.53,259.26,224.41,601.19,2798.65,217.01
2005-11-01,17932.14,5833.42,1095.91,3135.19,452.2,1150.12,7888.86,4209.86,264.4,253.39,610.33,2871.25,210.49
2005-12-01,23130.69,6811.32,1327.69,3279.49,551.5,1652.65,10712.5,5606.88,299.51,337.03,801.97,3922.99,245.38
2006-01-01,18828.96,6553.02,1130.59,3637.15,450.41,1334.86,7896.59,4379.35,230.02,278.47,615.01,3032.55,223.3
2006-02-01,14909.2,4111.43,632.42,2214.55,316.68,947.78,7275.57,3522.2,201.08,181.02,513.18,2444.07,182.86
2006-03-01,17438.43,5713.68,792.19,3195.6,388.27,1337.62,7538.39,4186.37,241.47,225.25,620.01,2874.02,225.61
2006-04-01,17039.52,5297.16,847.62,2883.44,360.91,1205.19,7509.98,4232.39,234.32,214.21,619.94,2953.89,210.03
2006-05-01,16988.85,5272.3,879.23,2815.58,371.01,1206.48,7635.07,4081.48,208.52,204.65,600.11,2852.01,216.18
2006-06-01,17050.22,5056.16,1004.05,2554.75,387.13,1110.23,8004.79,3989.26,201.16,226.84,590.56,2766.46,204.25
2006-07-01,19093.08,5994.22,962.09,3313.15,437.38,1281.6,8821.3,4277.56,232.8,255.8,621.66,2926.59,240.72
2006-08-01,16416.79,4105.72,596.62,2187.2,336.1,985.81,8286.08,4024.99,202.11,208.44,579.13,2797.15,238.16
2006-09-01,15951.02,4668.49,645.14,2551.55,345.56,1126.24,7458.16,3824.36,193.9,202.91,570.39,2651.93,205.24
2006-10-01,17184.57,5581.61,948.29,3017.92,419.41,1195.99,7555.55,4047.4,221.02,217.52,601.33,2797.36,210.17
2006-11-01,17791.76,5618.56,1052.2,2975.93,438.79,1151.64,7996.89,4176.31,239.88,237.81,619.85,2871.43,207.34
2006-12-01,22757.36,6453.8,1253.69,3068.83,524.1,1607.19,10707.67,5595.88,279.86,305.62,817.25,3949.83,243.32
2007-01-01,18941.88,6451.07,1116.03,3541.54,436.19,1357.31,8086.63,4404.17,219.12,257.13,624.94,3079.1,223.88
2007-02-01,15134.29,4094.6,640.66,2173.89,310.68,969.36,7387.11,3652.57,184.57,177.4,526.7,2580.19,183.72
2007-03-01,17395.58,5470.74,781.14,3026.4,377.78,1285.43,7725.63,4199.21,238.27,215.83,611.64,2914.97,218.51
2007-04-01,16914.69,5153.94,843.16,2778.68,351.23,1180.86,7578.56,4182.19,217.2,203.86,621.28,2935.64,204.21
2007-05-01,17041.22,5160.63,864.44,2725.53,366.71,1203.95,7768.6,4111.99,192,195.83,607.99,2905.38,210.79
2007-06-01,17367.2,5230.97,1027.41,2638,382.29,1183.26,8121.1,4015.13,195.44,207.09,601.18,2803.39,208.02
2007-07-01,18612.95,5489.72,867.34,2963.72,412.56,1246.09,8829.44,4293.79,218.68,278.55,625.27,2941.95,229.34
2007-08-01,16693.22,4068.95,599.73,2137.88,334.27,997.07,8473.73,4150.54,193.62,254.17,590.67,2874.47,237.61
2007-09-01,15926.77,4359.68,601.67,2344.26,320.79,1092.96,7716.16,3850.92,177.13,229.5,560.22,2678.58,205.49
2007-10-01,17161.11,5409.55,924.71,2905.91,418.8,1160.13,7777.82,3973.74,217.47,238.29,591.32,2726.92,199.74
2007-11-01,18124.28,5595.7,1064.52,2946.49,440.05,1144.64,8283.97,4244.6,241.64,266.89,622.95,2908.77,204.36
2007-12-01,22674.56,6152.2,1189.09,2917.89,496.91,1548.3,10919.92,5602.44,274.22,345.21,797.92,3945.94,239.16
2008-01-01,18779.98,6253.91,1094.89,3412.32,420.61,1326.09,8253.49,4272.57,204.69,284.22,609.37,2958.83,215.47
2008-02-01,15533.13,4020.81,658.48,2096.4,317.59,948.34,7833.17,3679.15,177.2,206.4,528.12,2580.37,187.06
2008-03-01,17695.95,5371.27,792.59,2962.86,362.1,1253.72,8109.94,4214.74,218.85,247.93,609.24,2916.21,222.51
2008-04-01,16800.62,4881.58,806.72,2614.82,334.16,1125.87,7806.88,4112.17,203.49,219.46,608.97,2881.39,198.86
2008-05-01,16944.08,4863.87,820.73,2545.95,331.14,1166.05,8032.75,4047.46,176.91,213.98,602.3,2847.33,206.94
2008-06-01,16903.92,4626.67,914.34,2303.88,325.57,1082.87,8358.26,3919,170.16,224.99,597.06,2728.65,198.13
2008-07-01,18659.42,5403.77,877,2944.96,367.94,1213.86,8997.04,4258.61,204.75,291.13,634.75,2898.52,229.46
2008-08-01,16526.98,3831.73,578.78,2005.39,289.86,957.7,8667.94,4027.3,173.36,239.19,586.14,2799.96,228.66
2008-09-01,15588.84,4091.57,589.94,2226.14,282.85,992.65,7788.34,3708.92,156.18,195.95,556.39,2608.15,192.25
2008-10-01,16667.74,4870.26,851.86,2627.05,347.93,1043.42,7996.74,3800.74,186.73,202.63,582.21,2636.24,192.94
2008-11-01,17820.09,5113.44,1001.02,2688.59,381.06,1042.76,8631.95,4074.7,211.32,241.11,624.34,2796.18,201.75
2008-12-01,21590.26,5312.4,1029.48,2540.82,404.46,1337.63,11089.04,5188.82,230.05,299.11,776.37,3660.79,222.5
2009-01-01,18063.27,5496.71,996.2,2995.41,351.29,1153.81,8547.69,4018.87,179.48,253.66,614.86,2772.24,198.63
2009-02-01,14513.48,3405.57,543.36,1808.08,253.49,800.64,7754.75,3353.16,144.23,181.7,495.67,2366.45,165.11
2009-03-01,16510.36,4514.24,670.68,2504.88,286.36,1052.32,8109.13,3886.99,163.28,217.93,571.79,2738.01,195.98
2009-04-01,15953.85,4222.3,704.18,2297.94,256.24,963.95,7866.44,3865.11,155.25,195.41,577.66,2756.79,180
2009-05-01,16180.18,4161.99,710.3,2211.81,255.67,984.21,8190.55,3827.64,143.41,190.25,579.16,2729.08,185.74
2009-06-01,16022.25,4064.52,788.66,2072.33,266.09,937.44,8299.84,3657.9,141.37,205.32,558.56,2573.65,178.99
2009-07-01,17356.23,4568.7,745.68,2489.14,297.38,1036.5,8830.01,3957.51,163.87,243.62,596.75,2751.04,202.23
2009-08-01,15703.93,3331.71,511.73,1750.08,238.11,831.79,8572.59,3799.63,144.86,207.55,557.7,2686.9,202.62
2009-09-01,14939.34,3655.61,540.29,1996.7,232.57,886.04,7736.64,3547.09,129.46,179.61,530.52,2535.82,171.68
2009-10-01,15609.3,4177.65,749.12,2256.27,278.86,893.41,7825.24,3606.41,149.33,199.29,544,2545.55,168.24
2009-11-01,16214.95,4265.29,823.32,2267.32,285.28,889.38,8207.77,3741.88,162.36,228.48,566.26,2611.71,173.06
2009-12-01,20690.63,4896.65,968.54,2374.42,339.24,1214.45,10774.91,5019.07,189.3,309.92,756.75,3560.87,202.23
2010-01-01,17145.27,4934.92,894.08,2676.44,294.3,1070.1,8327.09,3883.26,153.75,258.06,586.7,2698.8,185.95
2010-02-01,14026.22,3137.73,508.91,1678.33,211.27,739.22,7661.23,3227.27,124.62,183.35,479.37,2287.44,152.49
2010-03-01,15832.87,4162.12,597.25,2310.17,295.4,959.3,7913.49,3757.27,155.56,241.61,565.52,2613.89,180.69
2010-04-01,15468.48,3823.1,613.54,2077.42,252.71,879.43,7864.22,3781.16,144.22,210.31,577.26,2682.85,166.53
2010-05-01,15655.6,3954.95,656.34,2112.39,271.8,914.42,8002.08,3698.57,138.11,178.01,572.22,2635.17,175.04
2010-06-01,15634.15,3855.73,735.59,1972.05,282.67,865.42,8193.64,3584.77,133.63,195.98,559.9,2531.47,163.78
2010-07-01,17519.1,4353.41,699.98,2359.86,317.11,976.45,9157.64,4008.06,159.84,263.44,619.23,2772.37,193.17
2010-08-01,15853.08,3142.44,476.31,1644,248.41,773.74,8873.1,3837.53,142.35,239.81,574.85,2683.74,196.78
2010-09-01,15097.79,3303.66,471.73,1796.75,235.31,799.87,8118.19,3675.95,126.37,204.74,549.34,2625.41,170.08
2010-10-01,16131.16,4139.91,734.27,2222.11,300.38,883.14,8221.65,3769.61,157.72,241.34,569.48,2629.72,171.34
2010-11-01,16634.19,4140.48,772.03,2217.75,299.23,851.47,8529.16,3964.56,165.33,366.09,588.67,2675.24,169.22
2010-12-01,20792.73,4636.42,873.68,2256.45,337.93,1168.35,11040.23,5116.08,191.36,345.44,771.01,3611.77,196.5
2011-01-01,17404.04,4763.77,853.9,2580.89,302.93,1026.05,8678.45,3961.83,152.82,255.88,608.69,2766.92,177.52
2011-02-01,14477.91,3081.07,482.28,1662.34,212.41,724.04,8047.14,3349.7,126.75,188.35,503.89,2381.79,148.92
2011-03-01,15116.98,3302.26,480.78,1825.07,232.23,764.19,8166.7,3648.02,139.37,244,557.22,2560.11,147.32
2011-04-01,15645.76,3720.06,595.28,2022.64,247.24,854.9,8115.93,3809.78,136.78,205.88,561.82,2747.29,158.02
2011-05-01,15774.06,3826.32,659.97,2003.22,262.09,901.05,8224.44,3723.3,135.18,201.21,560.09,2654.18,172.64
2011-06-01,16032.61,3772.52,745.53,1889.2,291.52,846.27,8512.27,3747.82,137.77,239.12,564.62,2635.43,170.89
2011-07-01,17842.81,4351.61,719.4,2303.05,331.44,997.72,9345.61,4145.59,166.53,317.46,621.24,2840.99,199.36
2011-08-01,15573.87,2994.41,448.38,1547.08,242.05,756.9,8836.89,3742.58,132.42,192.87,547.5,2678.99,190.81
2011-09-01,14728.24,3191.38,457.63,1721.2,227.73,784.83,8071.84,3465.02,121.55,159.53,519.17,2502.83,161.94
2011-10-01,16056.85,4114.83,739.1,2202.13,309.03,864.58,8266.21,3675.8,150.16,179.38,545.19,2633.5,167.57
2011-11-01,16369.97,4006.29,757.22,2108.07,310.02,830.98,8565.24,3798.45,156.61,211.86,558.88,2706.51,164.6
2011-12-01,20909.69,4781.69,931.69,2309.32,385.52,1155.17,11105.85,5022.15,187.14,276.15,737.68,3626.47,194.71
2012-01-01,17382.54,4718.4,884.99,2524.51,316.23,992.68,8758.78,3905.36,146.11,226.25,569.83,2788.25,174.92
2012-02-01,14659.48,3039.76,507.86,1607.39,223.44,701.06,8294.56,3325.16,120,173.24,478.07,2407.4,146.45
2012-03-01,16032.33,3851,574.38,2135.68,228.62,912.31,8430.72,3750.61,151.59,192.7,538.89,2690.2,177.23
2012-04-01,15664.27,3764.07,633.31,2038.15,214.02,878.58,8117.69,3782.51,142.16,164.99,545.35,2769.35,160.67
2012-05-01,15754.66,3750.33,661.69,1979.84,222.62,886.17,8278.68,3725.65,138.96,172.92,539.26,2709.28,165.24
2012-06-01,15681.68,3582.93,712.9,1804.56,233.85,831.62,8488.84,3609.9,138.08,176.3,525.61,2608.97,160.95
2012-07-01,17123.23,4123.88,678.91,2201.58,287.27,956.13,9112.21,3887.14,163.6,215.51,569.39,2752,186.65
2012-08-01,15567.65,2990.89,464.99,1550.1,215.42,760.38,8851.92,3724.84,138.73,179.72,532.54,2686.78,187.07
2012-09-01,14700.41,3119.48,457.76,1664.75,194.71,802.26,8097.76,3483.17,128.02,146.72,502.34,2544.34,161.74
2012-10-01,15672.04,3930.79,702.22,2099.85,267.02,861.7,8151.68,3589.57,152.53,162.17,520.29,2593.14,161.44
2012-11-01,16629.56,4176.95,828.99,2177.25,288.09,882.63,8611.8,3840.8,166.26,201.18,550.87,2754.03,168.47
2012-12-01,21048.41,4655.63,929.76,2225.97,329.3,1170.6,11320.38,5072.39,187.34,277.86,704.44,3705.9,196.86
2013-01-01,16873.08,4516.41,833.12,2403.54,268.49,1011.27,8611.52,3745.14,144.44,202.48,549.29,2672.57,176.37
2013-02-01,14239.05,2949.29,481.64,1535.26,192.77,739.62,8041.43,3248.32,121.76,154.1,456.19,2368.11,148.17
2013-03-01,16598.35,4089.44,639.45,2247.75,228.58,973.67,8569.09,3939.82,149.92,198.21,552.33,2859.17,180.18
2013-04-01,15508.15,3629.28,603.06,1944.38,207.48,874.35,8136.25,3742.62,135.99,159.28,540.02,2744.23,163.09
2013-05-01,15888.56,3755.84,656.36,1972.02,222.04,905.42,8347.51,3785.21,136.01,165.16,543.62,2767.23,173.2
2013-06-01,16384.77,3893,748.87,1965.74,254.25,924.14,8709.4,3782.37,139.44,173.56,561.7,2736.11,171.56
2013-07-01,17127.16,3868.59,623.53,2040.48,275.25,929.33,9385.88,3872.7,150.4,178.41,590.48,2763.7,189.71
2013-08-01,15822.93,2964.47,457.77,1521.55,208.77,776.38,9121.59,3736.86,132.48,156.54,547.63,2706.5,193.72
2013-09-01,15058.67,3198.04,475.58,1684.72,204.3,833.44,8368.46,3492.16,125.09,131.52,507.97,2565.72,161.85
2013-10-01,15911.4,3782.15,677.78,1986.28,254.96,863.13,8519.87,3609.38,146.32,151.13,522.21,2632.89,156.84
2013-11-01,16962.74,4121.51,808.3,2135.18,278.25,899.78,8945.61,3895.62,162.98,198.37,558.36,2809.64,166.27
2013-12-01,21399.2,4601.1,907.92,2182.2,318.22,1192.76,11712.5,5085.61,185.84,237.48,735.19,3733.6,193.51
2014-01-01,17118.74,4507.59,828.89,2373.43,270.22,1035.04,8789.49,3821.66,145.27,196.42,560.26,2747.66,172.05
2014-02-01,14691.7,2918.04,470.79,1491.96,194.66,760.63,8378.76,3394.89,131.54,162.82,471.76,2490.37,138.39
2014-03-01,19564.58,4883.13,725.01,2553.18,332.6,1272.35,9386.72,5294.73,216.64,259.52,705.12,3933.9,179.54
2014-04-01,14681.45,3254.06,560.74,1746.75,163.88,782.69,8133.26,3294.13,116.55,114.58,487.39,2419.71,155.9
2014-05-01,15932.08,3636.45,648.07,1898.46,205,884.91,8722.15,3573.48,119.19,125.08,526.38,2632.85,169.98
2014-06-01,16319.13,3647.09,698.72,1842.66,226.42,879.29,9035.48,3636.55,125.98,157.59,533.58,2652.37,167.03
2014-07-01,17177.26,3760.96,610.18,1963.8,257.16,929.81,9586.82,3829.48,145.24,167.72,558.36,2770.95,187.21
2014-08-01,16266.03,2981.6,457.82,1505.64,208.3,809.84,9472.04,3812.39,126.32,151.11,540.02,2804.11,190.84
2014-09-01,15313.2,3254.62,491.51,1711.05,205.81,846.26,8549.91,3508.66,119.54,125.57,503.97,2601.18,158.4
2014-10-01,16064.9,3717.63,672.56,1949.07,234.29,861.71,8738.05,3609.22,135.4,148.51,509.05,2664.4,151.87
2014-11-01,17286.37,4042.91,791.59,2064.87,257.78,928.68,9275.58,3967.88,150.02,180.44,549.52,2923.24,164.66
2014-12-01,21557.66,4543.93,890.57,2144.53,307.44,1201.38,11931.91,5081.83,168.56,230.95,686.75,3810.05,185.52
2015-01-01,17215.8,4311.35,792.49,2243.38,242.15,1033.33,9099.49,3804.96,127.89,176.56,538.91,2794.37,167.23
2015-02-01,14986.68,2975.63,485.47,1549.13,181.24,759.8,8612.46,3398.59,110.08,143.73,460.58,2540.64,143.55
2015-03-01,17151.09,4012.02,620.93,2166.54,225.71,998.84,9147.85,3991.22,150.31,195.09,547.15,2929.8,168.87
2015-04-01,16081.15,3588.8,606.93,1878.02,192.04,911.81,8719.79,3772.56,126.16,151.03,535.13,2805.7,154.54
2015-05-01,16928.76,3791.92,674.59,1941.37,221.56,954.4,9217.05,3919.79,130.32,155.25,558.08,2904.95,171.19
2015-06-01,16412.6,3412.79,644.4,1680.06,212.65,875.68,9256.17,3743.65,120.62,160.47,534.6,2767.82,160.14
2015-07-01,17057.2,3873.6,613.94,1999.51,260.32,999.83,9788.28,3395.31,111.18,178.46,451.19,2469.95,184.54
2015-08-01,16056.48,3018.9,458.87,1502.96,209.12,847.96,9691.85,3345.73,100.57,164.96,428.9,2464.72,186.58
2015-09-01,15113.89,3219.68,490.76,1657.47,192.94,878.5,8831.11,3063.1,101.95,130.98,402.8,2273.49,153.88
2015-10-01,16072.17,3811.73,694.08,1977.03,243.48,897.14,9028.46,3231.98,114.87,145.63,421.25,2395.88,154.34
2015-11-01,16490.46,3768.91,723.49,1898.1,238.47,908.85,9352.69,3368.86,118.92,168.82,430.58,2492.71,157.84
2015-12-01,20924.51,4324.25,827.12,2028.61,279.88,1188.65,12145.46,4454.79,133.62,226.97,562.02,3348.68,183.51
2016-01-01,16913.68,4163.73,750.67,2138.31,237.51,1037.24,9409.95,3340,100.62,191.72,446.42,2439.47,161.77
2016-02-01,14886.2,2871.2,463.53,1477.95,176.34,753.37,9014.93,3000.07,92.38,138.14,375.77,2253.61,140.17
2016-03-01,16463.33,3741.95,581.03,2013.8,209.55,937.57,9307.07,3414.32,109.63,169.35,422.58,2551.92,160.83
2016-04-01,15459.81,3396.21,587.32,1776.59,182.2,850.1,8888.22,3175.38,87.16,134.35,404.73,2402.92,146.21
2016-05-01,15982.37,3519.35,634.73,1799.99,202.27,882.36,9263.16,3199.86,86.09,139.84,405.56,2410.63,157.75
2016-06-01,15679.13,3244.06,616.49,1605.03,196.95,825.59,9312.86,3122.22,92.64,139.36,390.44,2348.41,151.37
2016-07-01,17213.7,3822.84,623.1,1952.08,238.08,1009.57,9978.36,3412.51,101.41,173.06,420.25,2535.46,182.32
2016-08-01,15545.37,2731.67,415.66,1347,183.29,785.72,9592.12,3221.59,91.4,151.58,387.07,2419.35,172.18
2016-09-01,14709.6,2931.05,436.69,1512.98,177.02,804.37,8792.85,2985.69,81.06,129.4,373.09,2257.35,144.78
2016-10-01,15970.24,3586.69,660.66,1855.69,225.5,844.84,9198.9,3184.65,101.81,142.19,387.53,2405.73,147.39
2016-11-01,16479.27,3650.92,716.29,1861.35,228.03,845.25,9529.71,3298.63,103.75,167.46,393.95,2487.38,146.09
2016-12-01,20675.83,4113.85,778.64,1936.79,252.99,1145.43,12190.7,4371.27,120.25,210.83,516.99,3349.7,173.51
2017-01-01,16742.95,3985.26,728.69,2044.75,221,990.81,9451.4,3306.3,90.31,180.87,423.36,2456.75,155
2017-02-01,14493.28,2708.42,446.26,1378.14,164.67,719.35,8858.28,2926.58,79.14,129.88,349.48,2238.85,129.23
2017-03-01,16311.5,3547.67,533.68,1907.59,192.83,913.56,9267.97,3495.86,99.2,149.05,414.83,2679.47,153.31
