"Date","CI指数(H22=100)-先行指数","CI指数(H22=100)-一致指数","CI指数(H22=100)-遅行指数","CI指数(H22=100)-先行指数(参考)「外れ値」処理なし","CI指数(H22=100)-一致指数(参考)「外れ値」処理なし","CI指数(H22=100)-遅行指数(参考)「外れ値」処理なし","DI指数-先行指数","DI指数-一致指数","DI指数-遅行指数","DI累積指数-先行指数","DI累積指数-一致指数","DI累積指数-遅行指数"
1980-01-01,,,,,,,54.5,83.3,83.3,0,0,0
1980-02-01,,,,,,,54.5,88.9,94.4,4.5,38.9,44.4
1980-03-01,,,,,,,45.5,88.9,88.9,0,77.8,83.3
1980-04-01,,,,,,,40.9,94.4,77.8,-9.1,122.2,111.1
1980-05-01,,,,,,,36.4,27.8,55.6,-22.7,100,116.7
1980-06-01,,,,,,,45.5,33.3,83.3,-27.2,83.3,150
1980-07-01,,,,,,,18.2,0,66.7,-59,33.3,166.7
1980-08-01,,,,,,,9.1,0,55.6,-99.9,-16.7,172.3
1980-09-01,,,,,,,18.2,11.1,55.6,-131.7,-55.6,177.9
1980-10-01,,,,,,,36.4,11.1,66.7,-145.3,-94.5,194.6
1980-11-01,,,,,,,27.3,44.4,77.8,-168,-100.1,222.4
1980-12-01,,,,,,,63.6,33.3,33.3,-154.4,-116.8,205.7
1981-01-01,,,,,,,36.4,38.9,55.6,-168,-127.9,211.3
1981-02-01,,,,,,,54.5,44.4,50,-163.5,-133.5,211.3
1981-03-01,,,,,,,36.4,33.3,77.8,-177.1,-150.2,239.1
1981-04-01,,,,,,,59.1,38.9,44.4,-168,-161.3,233.5
1981-05-01,,,,,,,54.5,22.2,55.6,-163.5,-189.1,239.1
1981-06-01,,,,,,,72.7,55.6,33.3,-140.8,-183.5,222.4
1981-07-01,,,,,,,81.8,77.8,38.9,-109,-155.7,211.3
1981-08-01,,,,,,,81.8,100,33.3,-77.2,-105.7,194.6
1981-09-01,,,,,,,72.7,94.4,55.6,-54.5,-61.3,200.2
1981-10-01,,,,,,,63.6,66.7,55.6,-40.9,-44.6,205.8
1981-11-01,,,,,,,54.5,72.2,44.4,-36.4,-22.4,200.2
1981-12-01,,,,,,,72.7,55.6,33.3,-13.7,-16.8,183.5
1982-01-01,,,,,,,27.3,22.2,66.7,-36.4,-44.6,200.2
1982-02-01,,,,,,,54.5,0,55.6,-31.9,-94.6,205.8
1982-03-01,,,,,,,22.7,22.2,55.6,-59.2,-122.4,211.4
1982-04-01,,,,,,,27.3,11.1,44.4,-81.9,-161.3,205.8
1982-05-01,,,,,,,27.3,22.2,55.6,-104.6,-189.1,211.4
1982-06-01,,,,,,,36.4,5.6,77.8,-118.2,-233.5,239.2
1982-07-01,,,,,,,40.9,44.4,50,-127.3,-239.1,239.2
1982-08-01,,,,,,,27.3,55.6,44.4,-150,-233.5,233.6
1982-09-01,,,,,,,72.7,55.6,33.3,-127.3,-227.9,216.9
1982-10-01,,,,,,,45.5,27.8,33.3,-131.8,-250.1,200.2
1982-11-01,,,,,,,40.9,38.9,33.3,-140.9,-261.2,183.5
1982-12-01,,,,,,,27.3,0,22.2,-163.6,-311.2,155.7
1983-01-01,,,,,,,81.8,77.8,22.2,-131.8,-283.4,127.9
1983-02-01,,,,,,,45.5,38.9,22.2,-136.3,-294.5,100.1
1983-03-01,,,,,,,63.6,72.2,33.3,-122.7,-272.3,83.4
1983-04-01,,,,,,,72.7,55.6,44.4,-100,-266.7,77.8
1983-05-01,,,,,,,81.8,50,33.3,-68.2,-266.7,61.1
1983-06-01,,,,,,,90.9,50,50,-27.3,-266.7,61.1
1983-07-01,,,,,,,81.8,72.2,55.6,4.5,-244.5,66.7
1983-08-01,,,,,,,90.9,94.4,66.7,45.4,-200.1,83.4
1983-09-01,,,,,,,81.8,88.9,55.6,77.2,-161.2,89
1983-10-01,,,,,,,90.9,88.9,44.4,118.1,-122.3,83.4
1983-11-01,,,,,,,72.7,72.2,55.6,140.8,-100.1,89
1983-12-01,,,,,,,81.8,77.8,50,172.6,-72.3,89
1984-01-01,,,,,,,63.6,88.9,61.1,186.2,-33.4,100.1
1984-02-01,,,,,,,72.7,100,88.9,208.9,16.6,139
1984-03-01,,,,,,,72.7,94.4,88.9,231.6,61,177.9
1984-04-01,,,,,,,68.2,83.3,88.9,249.8,94.3,216.8
1984-05-01,,,,,,,40.9,61.1,66.7,240.7,105.4,233.5
1984-06-01,,,,,,,40.9,55.6,55.6,231.6,111,239.1
1984-07-01,,,,,,,40.9,100,77.8,222.5,161,266.9
1984-08-01,,,,,,,45.5,72.2,66.7,218,183.2,283.6
1984-09-01,,,,,,,45.5,83.3,100,213.5,216.5,333.6
1984-10-01,,,,,,,50,66.7,100,213.5,233.2,383.6
1984-11-01,,,,,,,63.6,88.9,77.8,227.1,272.1,411.4
1984-12-01,,,,,,,63.6,88.9,88.9,240.7,311,450.3
1985-01-01,85.6,94.4,100.4,89.2,93.3,99.7,54.5,88.9,94.4,245.2,349.9,494.7
1985-02-01,85.9,93.9,99.8,89.5,92.8,99,45.5,61.1,77.8,240.7,361,522.5
1985-03-01,85.7,94.2,100.5,89.3,93.2,99.7,40.9,72.2,77.8,231.6,383.2,550.3
1985-04-01,86.3,94.9,101.3,90,93.8,100.5,63.6,55.6,66.7,245.2,388.8,567
1985-05-01,86.3,94.9,101.3,90,93.8,100.3,54.5,72.2,83.3,249.7,411,600.3
1985-06-01,85.5,94.4,101.7,89.1,93.3,100.7,45.5,66.7,61.1,245.2,427.7,611.4
1985-07-01,85.4,95.1,102.8,89,94,101.8,45.5,50,61.1,240.7,427.7,622.5
1985-08-01,84,94.5,102.9,87.6,93.4,102,22.7,33.3,77.8,213.4,411,650.3
1985-09-01,84.2,94.3,102.5,87.8,93.2,101.4,36.4,33.3,55.6,199.8,394.3,655.9
1985-10-01,83.8,94.5,101.6,87.4,93.4,100.5,27.3,22.2,33.3,177.1,366.5,639.2
1985-11-01,83.1,94.3,102.2,86.3,93.2,101.1,36.4,44.4,33.3,163.5,360.9,622.5
1985-12-01,83.1,93.6,102.6,86.3,92.6,101.6,27.3,44.4,55.6,140.8,355.3,628.1
1986-01-01,83.7,93.7,102.4,87.2,92.6,101.3,45.5,38.9,66.7,136.3,344.2,644.8
1986-02-01,82.9,93.4,102.7,86.3,92.3,101.7,36.4,44.4,66.7,122.7,338.6,661.5
1986-03-01,82.7,93,102.2,86.3,91.9,102.4,27.3,44.4,61.1,100,333,672.6
1986-04-01,82,93,100.4,85.9,92,100.1,36.4,33.3,44.4,86.4,316.3,667
1986-05-01,80.9,92.1,101.2,84.5,91.1,100.9,27.3,33.3,33.3,63.7,299.6,650.3
1986-06-01,80.9,92,101.1,84.5,91,100.6,36.4,44.4,33.3,50.1,294,633.6
1986-07-01,80.4,91.3,100.3,83.9,90.2,99.9,45.5,33.3,44.4,45.6,277.3,628
1986-08-01,81.3,91.1,100.3,84.8,90,99.9,50,33.3,38.9,45.6,260.6,616.9
1986-09-01,81,92.1,100.5,84.4,91.1,100.6,72.7,66.7,50,68.3,277.3,616.9
1986-10-01,80.7,91.8,100.5,83.8,90.8,100.3,63.6,55.6,66.7,81.9,282.9,633.6
1986-11-01,80.5,91.2,99.8,83.6,90.2,99.6,36.4,61.1,61.1,68.3,294,644.7
1986-12-01,81.9,92.1,99.7,85,91.1,99.6,72.7,33.3,33.3,91,277.3,628
1987-01-01,82.9,92.4,99.6,86.1,91.4,99.5,77.3,61.1,55.6,118.3,288.4,633.6
1987-02-01,83.9,92.8,99.8,87.2,91.8,99.6,81.8,88.9,61.1,150.1,327.3,644.7
1987-03-01,85.6,93.7,100.5,89,92.7,100.4,81.8,100,66.7,181.9,377.3,661.4
1987-04-01,86.6,93.8,100.7,90.1,92.8,100.6,72.7,77.8,77.8,204.6,405.1,689.2
1987-05-01,89,94.4,99.9,92.6,93.3,99.8,90.9,66.7,55.6,245.5,421.8,694.8
1987-06-01,91,96.3,100.7,94.4,95.3,100.8,100,88.9,61.1,295.5,460.7,705.9
1987-07-01,92,97.7,101.8,95.2,96.6,101.8,81.8,100,55.6,327.3,510.7,711.5
1987-08-01,94.3,98.6,102.8,97.6,97.6,102.8,81.8,88.9,61.1,359.1,549.6,722.6
1987-09-01,95.4,100.3,103.2,98.5,99.3,103.2,81.8,100,77.8,390.9,599.6,750.4
1987-10-01,96.8,101.5,103.8,100.7,100.5,103.8,90.9,94.4,72.2,431.8,644,772.6
1987-11-01,97.7,102.6,104.2,101.6,101.6,104.2,72.7,88.9,72.2,454.5,682.9,794.8
1987-12-01,97.1,103.7,105.3,100.9,102.6,105.5,72.7,77.8,94.4,477.2,710.7,839.2
1988-01-01,98.6,104.6,105.8,102.9,103.6,106.1,72.7,83.3,77.8,499.9,744,867
1988-02-01,99.5,107.3,107,104,106.3,107.2,77.3,100,66.7,527.2,794,883.7
1988-03-01,98.6,106.1,108,103.1,105.1,108.2,54.5,77.8,77.8,531.7,821.8,911.5
1988-04-01,98.8,108,108.3,103.4,107,108.9,36.4,94.4,88.9,518.1,866.2,950.4
1988-05-01,99.2,107.7,109.2,103.9,106.7,109.8,36.4,33.3,77.8,504.5,849.5,978.2
1988-06-01,99.2,108.7,109.8,104.1,107.7,110.4,54.5,77.8,55.6,509,877.3,983.8
1988-07-01,98.8,109.4,110.4,103.8,108.5,111,63.6,55.6,72.2,522.6,882.9,1006
1988-08-01,98.6,109.8,111.7,103.6,108.8,112.2,63.6,77.8,77.8,536.2,910.7,1033.8
1988-09-01,98.5,110.4,112.9,103.7,109.5,113.5,45.5,77.8,88.9,531.7,938.5,1072.7
1988-10-01,99.4,110.8,114,104.9,109.9,114.6,45.5,77.8,100,527.2,966.3,1122.7
1988-11-01,100,112.3,114.3,105.4,111.4,114.8,63.6,77.8,100,540.8,994.1,1172.7
1988-12-01,101.6,112.5,115.2,107.1,111.6,116.2,81.8,88.9,77.8,572.6,1033,1200.5
1989-01-01,100.6,113,115.6,106,112.1,116.4,50,77.8,77.8,572.6,1060.8,1228.3
1989-02-01,99.7,113.1,116.3,105.1,112.3,117.3,45.5,66.7,77.8,568.1,1077.5,1256.1
1989-03-01,100.9,117.3,118.1,106.3,116.7,120.1,54.5,100,94.4,572.6,1127.5,1300.5
1989-04-01,100.9,114.4,118.9,106.3,114.1,119.9,63.6,66.7,55.6,586.2,1144.2,1306.1
1989-05-01,100.1,114.1,119.6,105.6,113.8,121,54.5,77.8,66.7,590.7,1172,1322.8
1989-06-01,100.5,114.7,121.2,106,113.9,122.5,45.5,22.2,66.7,586.2,1144.2,1339.5
1989-07-01,100.3,114.1,121.5,105.8,113.6,122.8,45.5,44.4,94.4,581.7,1138.6,1383.9
1989-08-01,100.9,115.3,121.4,106.4,114.7,122.6,72.7,77.8,88.9,604.4,1166.4,1422.8
1989-09-01,100.9,115.7,122,106.4,115.2,123.3,54.5,44.4,61.1,608.9,1160.8,1433.9
1989-10-01,100.4,115.3,122.2,105.9,114.7,123.4,45.5,66.7,66.7,604.4,1177.5,1450.6
1989-11-01,101.2,116.4,123.5,106.8,115.8,124.7,63.6,55.6,77.8,618,1183.1,1478.4
1989-12-01,102,117.1,124.1,107.6,116.5,125.3,63.6,100,83.3,631.6,1233.1,1511.7
1990-01-01,101.4,116.9,124.5,106.6,116.3,125.7,54.5,88.9,100,636.1,1272,1561.7
1990-02-01,102,117.1,125.1,107.3,116.5,126.2,63.6,77.8,88.9,649.7,1299.8,1600.6
1990-03-01,101,116.9,125.2,106.3,116.2,126.3,54.5,66.7,83.3,654.2,1316.5,1633.9
1990-04-01,101.7,117.5,125.4,107.9,117.6,125.8,63.6,83.3,72.2,667.8,1349.8,1656.1
1990-05-01,103.5,118.8,125.5,109.8,118.9,126.1,68.2,88.9,66.7,686,1388.7,1672.8
1990-06-01,102.5,119.6,125.5,108.7,119.7,127.5,68.2,88.9,66.7,704.2,1427.6,1689.5
1990-07-01,101.5,120.1,125.1,107.7,120.2,126.2,45.5,66.7,44.4,699.7,1444.3,1683.9
1990-08-01,100.4,119.7,125.7,106.3,119.7,126.8,36.4,66.7,66.7,686.1,1461,1700.6
1990-09-01,98.9,119.1,126,104.7,119.1,127.1,27.3,44.4,66.7,663.4,1455.4,1717.3
1990-10-01,99.3,120.5,126.6,105.4,120.6,127.8,27.3,55.6,61.1,640.7,1461,1728.4
1990-11-01,98.5,119.8,126.8,103.8,119.9,127.9,45.5,77.8,50,636.2,1488.8,1728.4
1990-12-01,98.5,119.9,128,103.2,119.9,129.1,40.9,83.3,77.8,627.1,1522.1,1756.2
1991-01-01,97.6,119.4,127.7,102,119.5,128.7,27.3,27.8,77.8,604.4,1499.9,1784
1991-02-01,96.5,118.9,127.9,100.1,118.9,129,36.4,44.4,61.1,590.8,1494.3,1795.1
1991-03-01,95.5,117.6,128,99.1,117.6,129.1,18.2,22.2,44.4,559,1466.5,1789.5
1991-04-01,94.6,117,128.4,97.9,117,129.4,18.2,11.1,55.6,527.2,1427.6,1795.1
1991-05-01,94,117.4,129.2,97.3,117.4,130.2,27.3,50,66.7,504.5,1427.6,1811.8
1991-06-01,92.4,115.3,129.7,95.7,115.3,130.7,9.1,16.7,83.3,463.6,1394.3,1845.1
1991-07-01,92.1,116.3,129,95.4,116.3,130,9.1,55.6,61.1,422.7,1399.9,1856.2
1991-08-01,91,114.7,127.9,94.3,114.7,128.8,9.1,22.2,44.4,381.8,1372.1,1850.6
1991-09-01,90,113.4,127.6,93.3,113.4,129.2,18.2,33.3,33.3,350,1355.4,1833.9
1991-10-01,89.9,112.2,127.2,93.3,112.3,128.8,27.3,0,66.7,327.3,1305.4,1850.6
1991-11-01,88.8,112.5,127.4,92.2,112.5,129,27.3,11.1,77.8,304.6,1266.5,1878.4
1991-12-01,87.4,109.9,126.5,90.8,109.9,128,18.2,0,55.6,272.8,1216.5,1884
1992-01-01,87,108.2,125.5,90.4,108.1,127.3,18.2,22.2,33.3,241,1188.7,1867.3
1992-02-01,86.5,107.3,125.2,89.8,107.2,127,18.2,5.6,50,209.2,1144.3,1867.3
1992-03-01,85.9,105,123.9,89.3,104.9,125.6,27.3,5.6,33.3,186.5,1099.9,1850.6
1992-04-01,84.2,103.3,123.3,87.5,103.2,124.9,9.1,0,33.3,145.6,1049.9,1833.9
1992-05-01,83.7,101,122.6,87,100.9,124.2,9.1,0,22.2,104.7,999.9,1806.1
1992-06-01,83.4,100.9,122,86.6,100.8,123.6,13.6,27.8,33.3,68.3,977.7,1789.4
1992-07-01,82.7,99.8,120.9,86,99.7,122.4,27.3,11.1,22.2,45.6,938.8,1761.6
1992-08-01,82.1,97.4,120.3,85.5,97.3,121.8,27.3,11.1,22.2,22.9,899.9,1733.8
1992-09-01,82.6,98.9,119.5,86.3,99,121,54.5,33.3,22.2,27.4,883.2,1706
1992-10-01,80.9,96,118.4,84.5,96.2,119.8,27.3,0,11.1,4.7,833.2,1667.1
1992-11-01,80.6,94.1,117.2,84.2,94.3,118.6,18.2,0,11.1,-27.1,783.2,1628.2
1992-12-01,81.3,93.4,116,85,93.6,117.3,18.2,0,11.1,-58.9,733.2,1589.3
1993-01-01,81.1,94.5,115.8,85,94.7,117.1,27.3,33.3,44.4,-81.6,716.5,1583.7
1993-02-01,82.2,94.3,115,86.1,94.4,116.3,54.5,77.8,33.3,-77.1,744.3,1567
1993-03-01,82,93.1,113.5,86,93.2,114.8,59.1,55.6,27.8,-68,749.9,1544.8
1993-04-01,82.9,92.4,112.8,86.7,92.5,113.8,63.6,22.2,22.2,-54.4,722.1,1517
1993-05-01,84,92.3,111.4,88.2,92.4,112.3,54.5,22.2,22.2,-49.9,694.3,1489.2
1993-06-01,84,91,110.3,88.2,91.2,111.2,36.4,22.2,22.2,-63.5,666.5,1461.4
1993-07-01,84.3,90.5,110.2,88.5,90.7,111.1,63.6,16.7,16.7,-49.9,633.2,1428.1
1993-08-01,83.8,90.3,109.5,88.1,90.5,110.4,36.4,22.2,55.6,-63.5,605.4,1433.7
1993-09-01,83.9,90.1,108.4,88.2,90.3,109.2,63.6,44.4,44.4,-49.9,599.8,1428.1
1993-10-01,83,88.6,107.8,87.2,88.8,108.7,45.5,11.1,44.4,-54.4,560.9,1422.5
1993-11-01,82.4,88.2,107.2,86.7,88.4,108,36.4,22.2,33.3,-68,533.1,1405.8
1993-12-01,82,87.7,105.7,86.2,87.8,106.5,27.3,11.1,38.9,-90.7,494.2,1394.7
1994-01-01,83.4,88.1,106.2,87.2,88.3,107,54.5,44.4,55.6,-86.2,488.6,1400.3
1994-02-01,84.2,88.1,105,88.1,88.2,105.8,68.2,44.4,27.8,-68,483,1378.1
1994-03-01,86.8,89.5,104.7,90.8,89.6,105.5,81.8,88.9,38.9,-36.2,521.9,1367
1994-04-01,87.5,89.7,104.6,91.5,89.8,105.3,81.8,61.1,27.8,-4.4,533,1344.8
1994-05-01,88.1,90,103.3,92.1,90.1,104,90.9,77.8,44.4,36.5,560.8,1339.2
1994-06-01,89.3,91.1,103.2,93.5,91.3,103.9,72.7,77.8,33.3,59.2,588.6,1322.5
1994-07-01,90,92.2,103.2,94.3,92.3,103.9,72.7,88.9,50,81.9,627.5,1322.5
1994-08-01,90.8,92.7,103.5,95.1,92.9,104.1,81.8,100,66.7,113.7,677.5,1339.2
1994-09-01,91.2,92.5,103.7,95.6,92.7,104.4,63.6,77.8,61.1,127.3,705.3,1350.3
1994-10-01,91.3,93.7,103.5,95.7,93.8,104.1,63.6,77.8,61.1,140.9,733.1,1361.4
1994-11-01,92.6,94.5,103.3,97.2,94.6,104,63.6,72.2,61.1,154.5,755.3,1372.5
1994-12-01,93.4,95.3,103.8,98.1,95.4,104.5,72.7,88.9,55.6,177.2,794.2,1378.1
1995-01-01,92.1,93.6,103,96.8,93.6,103.7,36.4,33.3,61.1,163.6,777.5,1389.2
1995-02-01,93.7,95,103.4,99,95,104.2,54.5,44.4,61.1,168.1,771.9,1400.3
1995-03-01,92.2,95.6,103.8,97.7,95.6,104.7,36.4,33.3,55.6,154.5,755.2,1405.9
1995-04-01,91.3,96.3,103.2,96.7,96.3,103.8,40.9,88.9,55.6,145.4,794.1,1411.5
1995-05-01,90.7,95.4,103.3,96.3,95.4,103.9,18.2,55.6,55.6,113.6,799.7,1417.1
1995-06-01,89.9,95.2,103.1,95.4,95.2,103.8,18.2,22.2,44.4,81.8,771.9,1411.5
1995-07-01,89,94.2,103,94.6,94.2,103.7,9.1,11.1,50,40.9,733,1411.5
1995-08-01,90.2,95.6,103,95.8,95.6,103.7,45.5,33.3,44.4,36.4,716.3,1405.9
1995-09-01,90.9,95.5,103.9,96.6,95.5,104.4,54.5,44.4,72.2,40.9,710.7,1428.1
1995-10-01,91.5,95.8,103.7,97.3,95.8,104.2,72.7,100,61.1,63.6,760.7,1439.2
1995-11-01,93.9,96.8,103.9,99.9,96.7,104.4,81.8,61.1,66.7,95.4,771.8,1455.9
1995-12-01,94.8,97.8,104.7,100.9,97.8,105.4,81.8,77.8,61.1,127.2,799.6,1467
1996-01-01,94.6,98,104.4,100.7,97.5,104.8,72.7,77.8,77.8,149.9,827.4,1494.8
1996-02-01,95.5,99.5,105.9,101.6,99.1,106.2,81.8,66.7,88.9,181.7,844.1,1533.7
1996-03-01,95.8,99.8,105.8,101.7,99.4,106.2,54.5,55.6,77.8,186.2,849.7,1561.5
1996-04-01,96.9,100.5,105.9,102.9,100.1,106.3,54.5,66.7,77.8,190.7,866.4,1589.3
1996-05-01,97.6,101.2,106.5,103.6,100.8,106.9,72.7,66.7,61.1,213.4,883.1,1600.4
1996-06-01,97,101.2,106.1,103,100.8,106.4,54.5,55.6,55.6,217.9,888.7,1606
1996-07-01,98.3,102.3,107.2,104.7,101.8,107.4,45.5,66.7,61.1,213.4,905.4,1617.1
1996-08-01,98.5,102.3,107.6,104.8,101.9,107.8,72.7,66.7,77.8,236.1,922.1,1644.9
1996-09-01,98.7,103,107.3,105,102.6,107.3,72.7,88.9,61.1,258.8,961,1656
1996-10-01,100.8,104.5,108.6,107.2,104.1,108.6,63.6,100,72.2,272.4,1011,1678.2
1996-11-01,100.3,105.4,109.4,106.7,105,109.3,72.7,100,88.9,295.1,1061,1717.1
1996-12-01,99.3,105.6,108.7,105.6,105.2,108.7,63.6,100,77.8,308.7,1111,1744.9
1997-01-01,99.7,107.3,109.9,105.7,106.8,109.9,54.5,88.9,77.8,313.2,1149.9,1772.7
1997-02-01,99.5,107.6,110.1,105.5,107.1,110.1,63.6,83.3,50,326.8,1183.2,1772.7
1997-03-01,98.1,109.4,111.3,104,109.4,111.1,54.5,94.4,88.9,331.3,1227.6,1811.6
1997-04-01,97.3,106.6,112.2,102.9,106.1,112.3,36.4,16.7,66.7,317.7,1194.3,1828.3
1997-05-01,98.9,107.9,112.9,104.6,107.3,113.1,36.4,50,55.6,304.1,1194.3,1833.9
1997-06-01,97.4,107.9,113.5,103,107.3,113.8,45.5,27.8,66.7,299.6,1172.1,1850.6
1997-07-01,97.4,107.6,113.6,102.9,107.1,114,45.5,72.2,77.8,295.1,1194.3,1878.4
1997-08-01,96.6,107.3,113.7,102.1,106.8,114,36.4,33.3,72.2,281.5,1177.6,1900.6
1997-09-01,96.1,106.1,114.3,101.6,105.6,114.6,31.8,0,66.7,263.3,1127.6,1917.3
1997-10-01,94.4,105.4,114.1,99.8,104.8,114.4,27.3,11.1,44.4,240.6,1088.7,1911.7
1997-11-01,91.6,103.3,113.7,96.8,102.8,114,4.5,0,50,195.1,1038.7,1911.7
1997-12-01,90.5,102.7,113.6,95.6,102.2,113.9,9.1,0,44.4,154.2,988.7,1906.1
1998-01-01,90,102.3,112.6,95.1,101.7,112.9,18.2,11.1,22.2,122.4,949.8,1878.3
1998-02-01,89.1,99.8,111.3,94.2,99.3,111.6,31.8,22.2,22.2,104.2,922,1850.5
1998-03-01,88.1,96.7,109.8,93,96.2,110.1,36.4,0,0,90.6,872,1800.5
1998-04-01,86.5,97,108.9,91.3,97.3,107.9,9.1,11.1,11.1,49.7,833.1,1761.6
1998-05-01,87.2,95.9,108.1,92,96.2,107.2,27.3,11.1,22.2,27,794.2,1733.8
1998-06-01,85.9,95.2,107.8,90.7,95.5,106.9,18.2,44.4,27.8,-4.8,788.6,1711.6
1998-07-01,85.7,95.4,107.2,90.5,95.7,106.3,18.2,33.3,27.8,-36.6,771.9,1689.4
1998-08-01,85.6,94.2,106.6,90.4,94.5,105.8,9.1,22.2,22.2,-77.5,744.1,1661.6
1998-09-01,85.6,95.1,106.1,90.5,95.3,105.3,54.5,38.9,22.2,-73,733,1633.8
1998-10-01,83.9,94.5,105.7,88.7,94.7,104.9,45.5,11.1,33.3,-77.5,694.1,1617.1
1998-11-01,85.6,94.1,104.9,90.3,94.3,104.1,45.5,55.6,22.2,-82,699.7,1589.3
1998-12-01,85.3,94,104.3,89.5,94.2,103.5,72.7,33.3,33.3,-59.3,683,1572.6
1999-01-01,85.3,94.4,104.4,89.6,94.7,103.6,63.6,61.1,55.6,-45.7,694.1,1578.2
1999-02-01,86,94.6,103.4,90.3,94.9,102.7,45.5,66.7,33.3,-50.2,710.8,1561.5
1999-03-01,88.6,95.7,103,93,96,102.3,81.8,72.2,33.3,-18.4,733,1544.8
1999-04-01,90.1,95.3,102.6,94.6,95.5,101.9,72.7,55.6,16.7,4.3,738.6,1511.5
1999-05-01,89.7,95.9,102.2,93.5,96.1,101.6,81.8,88.9,33.3,36.1,777.5,1494.8
1999-06-01,91.3,95.7,101.8,95.2,96,101.2,72.7,38.9,33.3,58.8,766.4,1478.1
1999-07-01,92.5,96.8,102,96.3,97,101.4,72.7,72.2,50,81.5,788.6,1478.1
1999-08-01,92.4,98,102.2,96.2,98.2,101.6,72.7,83.3,50,104.2,821.9,1478.1
1999-09-01,93.3,98.9,102.6,97.2,99.2,102.1,72.7,88.9,61.1,126.9,860.8,1489.2
1999-10-01,94.2,99.3,102,98.1,99.6,101.5,81.8,77.8,44.4,158.7,888.6,1483.6
1999-11-01,94.5,100.1,102.6,98.4,100.3,102.1,81.8,77.8,44.4,190.5,916.4,1478
1999-12-01,95.4,100.2,102.6,99.3,100.5,102.2,81.8,88.9,44.4,222.3,955.3,1472.4
2000-01-01,96.9,100.6,102.7,101,100.8,102.3,72.7,77.8,44.4,245,983.1,1466.8
2000-02-01,97,101.6,103.1,101.1,101.8,102.7,90.9,50,61.1,285.9,983.1,1477.9
2000-03-01,96.3,102.7,104.2,100.4,102.9,103.8,63.6,77.8,77.8,299.5,1010.9,1505.7
2000-04-01,97.5,103.9,103.8,101.8,104.1,103.5,72.7,66.7,66.7,322.2,1027.6,1522.4
2000-05-01,97.5,103.9,103.8,101.8,104.1,103.5,45.5,77.8,55.6,317.7,1055.4,1528
2000-06-01,98.1,105.1,103.6,102.5,105.3,103.3,77.3,88.9,27.8,345,1094.3,1505.8
2000-07-01,98.4,105.2,103.7,102.8,105.4,103.4,54.5,88.9,50,349.5,1133.2,1505.8
2000-08-01,99.1,106.7,103.8,103.6,106.9,103.6,81.8,100,27.8,381.3,1183.2,1483.6
2000-09-01,99.4,105.7,103.5,103.9,105.9,103.3,63.6,33.3,33.3,394.9,1166.5,1466.9
2000-10-01,99.2,107.1,104.3,103.8,107.2,104.2,63.6,88.9,61.1,408.5,1205.4,1478
2000-11-01,99.3,107.7,104.6,103.9,107.9,104.5,45.5,44.4,55.6,404,1199.8,1483.6
2000-12-01,99.6,108.6,105,104.3,108.8,105,50,88.9,66.7,404,1238.7,1500.3
2001-01-01,96.5,106.3,104.8,101.1,106.5,104.8,18.2,33.3,22.2,372.2,1222,1472.5
2001-02-01,95.9,105.7,105.3,100.5,106,105.3,18.2,33.3,55.6,340.4,1205.3,1478.1
2001-03-01,94.5,104.3,104.7,99,104.5,104.7,9.1,11.1,38.9,299.5,1166.4,1467
2001-04-01,93.3,103,104.3,97.6,103.2,104.4,36.4,11.1,27.8,285.9,1127.5,1444.8
2001-05-01,93.6,101.7,104.4,97.9,101.9,104.7,40.9,11.1,38.9,276.8,1088.6,1433.7
2001-06-01,92.2,101.2,103.9,96.5,101.4,104.2,27.3,11.1,33.3,254.1,1049.7,1417
2001-07-01,90.8,99.5,103.8,95.1,99.7,104.1,18.2,0,55.6,222.3,999.7,1422.6
2001-08-01,89.8,97.8,103.9,94.1,98,104.2,27.3,11.1,38.9,199.6,960.8,1411.5
2001-09-01,87.4,96.2,103.2,91.6,96.3,103.6,22.7,5.6,50,172.3,916.4,1411.5
2001-10-01,86.4,95.4,103.2,90.6,95.6,103.6,13.6,0,44.4,135.9,866.4,1405.9
2001-11-01,87,94.2,102.4,91.3,94.4,102.8,18.2,11.1,38.9,104.1,827.5,1394.8
2001-12-01,86.7,94,100.9,91.2,94.2,101.3,31.8,0,16.7,85.9,777.5,1361.5
2002-01-01,88.3,94.2,101.6,93.1,94.4,102.1,81.8,33.3,33.3,117.7,760.8,1344.8
2002-02-01,88.7,95,101.1,93.6,95.2,101.6,59.1,55.6,27.8,126.8,766.4,1322.6
2002-03-01,90.9,95.8,100.7,96.2,95.9,101.2,86.4,77.8,55.6,163.2,794.2,1328.2
2002-04-01,92.5,96.7,100.7,97.9,96.8,101.2,86.4,88.9,27.8,199.6,833.1,1306
2002-05-01,94.8,99.7,100,100.4,99.7,100.5,86.4,100,38.9,236,883.1,1294.9
2002-06-01,94,98.5,100,99.7,98.6,100.5,63.6,88.9,33.3,249.6,922,1278.2
2002-07-01,94.4,98.8,100.2,100.1,98.9,100.8,63.6,77.8,55.6,263.2,949.8,1283.8
2002-08-01,94.6,100.3,99.9,100.3,100.4,100.5,45.5,44.4,55.6,258.7,944.2,1289.4
2002-09-01,93.5,100.9,100.7,99.2,100.9,101.3,45.5,100,50,254.2,994.2,1289.4
2002-10-01,94.3,101.2,100.8,100,101.2,101.5,40.9,88.9,44.4,245.1,1033.1,1283.8
2002-11-01,94.5,101.7,101.2,100.3,101.7,101.9,63.6,77.8,55.6,258.7,1060.9,1289.4
2002-12-01,93.3,101,101.8,98.8,101,102.6,72.7,44.4,77.8,281.4,1055.3,1317.2
2003-01-01,93.9,102,102,99.6,102.2,102.8,45.5,83.3,44.4,276.9,1088.6,1311.6
2003-02-01,94.3,102.8,102.5,100,102.9,103.3,63.6,83.3,61.1,290.5,1121.9,1322.7
2003-03-01,93.9,102.8,103.1,99.6,102.9,103.9,45.5,88.9,61.1,286,1160.8,1333.8
2003-04-01,93.9,101.9,103,99.7,102,103.7,54.5,50,66.7,290.5,1160.8,1350.5
2003-05-01,95,102.9,104.1,100.9,103,104.8,54.5,61.1,61.1,295,1171.9,1361.6
2003-06-01,95.5,102.9,104.7,101.5,103,105.4,63.6,55.6,66.7,308.6,1177.5,1378.3
2003-07-01,96.6,103.3,105.5,102.4,103.4,106.2,63.6,77.8,77.8,322.2,1205.3,1406.1
2003-08-01,96.5,103.9,106.2,102.4,104,106.9,54.5,61.1,61.1,326.7,1216.4,1417.2
2003-09-01,98.7,105.9,106.2,104.8,106,107,77.3,88.9,77.8,354,1255.3,1445
2003-10-01,100.6,108,107.4,106.8,108.1,108.1,81.8,100,88.9,385.8,1305.3,1483.9
2003-11-01,99,107.3,107.7,105,107.4,108.4,72.7,77.8,66.7,408.5,1333.1,1500.6
2003-12-01,100.1,109.2,108.7,106.5,109.3,109.4,63.6,100,66.7,422.1,1383.1,1517.3
2004-01-01,101.8,110.6,110,108.3,110.7,110.8,72.7,88.9,72.2,444.8,1422,1539.5
2004-02-01,101.8,110.3,110,108.3,110.4,110.7,90.9,100,77.8,485.7,1472,1567.3
2004-03-01,103.7,110.1,110.4,110.4,110.2,111.1,72.7,55.6,66.7,508.4,1477.6,1584
2004-04-01,104.2,111.1,112,110.9,111.2,112.7,63.6,55.6,55.6,522,1483.2,1589.6
2004-05-01,105.1,111.4,112.8,112.2,111.4,113.5,72.7,77.8,77.8,544.7,1511,1617.4
2004-06-01,104.7,112.3,112.5,111.3,112.2,113.2,59.1,77.8,83.3,553.8,1538.8,1650.7
2004-07-01,106.6,113.7,112.8,113.8,113.7,113.5,68.2,100,61.1,572,1588.8,1661.8
2004-08-01,105.6,112.5,113.1,112.8,112.4,113.8,63.6,72.2,72.2,585.6,1611,1684
2004-09-01,106,112.7,114.1,112.7,112.7,114.8,54.5,77.8,94.4,590.1,1638.8,1728.4
2004-10-01,106,112,113.6,112.8,112,114.3,45.5,22.2,66.7,585.6,1611,1745.1
2004-11-01,106.5,113.7,114.1,113.3,113.6,114.8,63.6,66.7,61.1,599.2,1627.7,1756.2
2004-12-01,106.8,112.6,113.7,113.1,112.6,114.4,45.5,33.3,44.4,594.7,1611,1750.6
2005-01-01,106.3,113.5,114.4,113.2,113.5,114.9,54.5,88.9,72.2,599.2,1649.9,1772.8
2005-02-01,105.6,112.6,113.9,112.4,112.6,114.6,45.5,27.8,44.4,594.7,1627.7,1767.2
2005-03-01,106.9,113.1,115.1,113.5,113,115.8,68.2,77.8,55.6,612.9,1655.5,1772.8
2005-04-01,107.7,115,115.1,114.3,114.8,115.8,77.3,66.7,72.2,640.2,1672.2,1795
2005-05-01,106.6,113.8,115.4,113.1,113.6,116.1,63.6,66.7,66.7,653.8,1688.9,1811.7
2005-06-01,106.8,114.4,116.1,113.4,114.2,116.8,54.5,88.9,66.7,658.3,1727.8,1828.4
2005-07-01,107.4,113.6,115.3,114,113.4,116,45.5,22.2,44.4,653.8,1700,1822.8
2005-08-01,108.1,114.3,116.3,114.7,114.1,117,81.8,66.7,66.7,685.6,1716.7,1839.5
2005-09-01,107.7,114,116.6,114,113.8,117.3,63.6,61.1,77.8,699.2,1727.8,1867.3
2005-10-01,109.4,114.5,115.9,115.8,114.3,116.6,63.6,77.8,66.7,712.8,1755.6,1884
2005-11-01,110.7,115.4,116.2,117.2,115.2,116.9,63.6,66.7,55.6,726.4,1772.3,1889.6
2005-12-01,110.4,116.7,116.6,116.9,116.5,117.3,77.3,100,55.6,753.7,1822.3,1895.2
2006-01-01,111,117,116.2,117.9,116.9,116.9,54.5,100,66.7,758.2,1872.3,1911.9
2006-02-01,112,117.1,117.9,118.9,117,118.6,72.7,88.9,66.7,780.9,1911.2,1928.6
2006-03-01,110.3,117.4,118,117.1,117.3,118.7,63.6,66.7,77.8,794.5,1927.9,1956.4
2006-04-01,112.6,118.5,119.1,119.4,118.3,119.8,63.6,66.7,83.3,808.1,1944.6,1989.7
2006-05-01,112.3,118.2,119.4,119.1,118.1,120,50,66.7,72.2,808.1,1961.3,2011.9
2006-06-01,110.4,118.7,120.2,117,118.6,120.8,54.5,66.7,88.9,812.6,1978,2050.8
2006-07-01,109.3,119,120.9,115.9,118.8,121.6,36.4,77.8,61.1,799,2005.8,2061.9
2006-08-01,111.1,119.2,120.6,117.7,119.1,121.3,36.4,72.2,44.4,785.4,2028,2056.3
2006-09-01,110.1,118.7,120.5,116.7,118.6,121.2,54.5,61.1,50,789.9,2039.1,2056.3
2006-10-01,110.3,119.1,121.3,116.8,119,122,59.1,61.1,55.6,799,2050.2,2061.9
2006-11-01,111.2,119.4,122.1,117.8,119.3,122.8,54.5,55.6,72.2,803.5,2055.8,2084.1
2006-12-01,110.7,119.2,122.6,117,119,123.3,45.5,66.7,77.8,799,2072.5,2111.9
2007-01-01,111,119.1,123.2,117.4,118.9,124.1,77.3,50,83.3,826.3,2072.5,2145.2
2007-02-01,111.7,119.6,122.2,118.1,119.4,123.1,59.1,55.6,33.3,835.4,2078.1,2128.5
2007-03-01,111.2,118.9,122.4,117.5,118.7,123.2,54.5,33.3,55.6,839.9,2061.4,2134.1
2007-04-01,111.5,119.8,123.3,118,119.7,124,45.5,66.7,33.3,835.4,2078.1,2117.4
2007-05-01,111.2,120.1,123.5,117.7,119.9,124.2,36.4,77.8,83.3,821.8,2105.9,2150.7
2007-06-01,110.4,119.8,123.8,117.1,119.7,124.4,45.5,88.9,77.8,817.3,2144.8,2178.5
2007-07-01,110.3,118.8,124.1,115.3,118.6,124.7,45.5,44.4,83.3,812.8,2139.2,2211.8
2007-08-01,108.1,119.5,124.2,112.5,120.2,124.8,22.7,44.4,72.2,785.5,2133.6,2234
2007-09-01,107.1,118.2,124.4,111.6,118.8,125,18.2,44.4,50,753.7,2128,2234
2007-10-01,109,118.8,124.7,113.7,119.5,125.3,27.3,66.7,66.7,731,2144.7,2250.7
2007-11-01,107,117.5,126.3,111.6,118.2,127,45.5,44.4,66.7,726.5,2139.1,2267.4
2007-12-01,106.1,117.6,126.1,110.7,118.3,127,50,50,77.8,726.5,2139.1,2295.2
2008-01-01,106.4,117.3,125.3,111,117.9,126.2,45.5,22.2,77.8,722,2111.3,2323
2008-02-01,106.6,117.7,126.2,111.5,118.6,127.1,45.5,66.7,50,717.5,2128,2323
2008-03-01,104.6,116.6,126.4,109.2,117.5,127.3,45.5,22.2,44.4,713,2100.2,2317.4
2008-04-01,104.9,115.5,124,109.8,116.4,124.9,27.3,22.2,22.2,690.3,2072.4,2289.6
2008-05-01,104.3,115.6,124.3,109.3,116.5,125.4,27.3,11.1,33.3,667.6,2033.5,2272.9
2008-06-01,102.8,112.8,123,107.8,113.7,124.3,36.4,11.1,22.2,654,1994.6,2245.1
2008-07-01,102,112,123,106.9,112.9,124.6,18.2,22.2,33.3,622.2,1966.8,2228.4
2008-08-01,99.8,108.1,121.5,104.4,109.1,123.1,18.2,11.1,11.1,590.4,1927.9,2189.5
2008-09-01,98.8,107.2,120.8,103.3,108.1,122.4,13.6,0,33.3,554,1877.9,2172.8
2008-10-01,93,103.8,119.9,95.8,103.8,121.6,0,0,11.1,504,1827.9,2133.9
2008-11-01,87.2,97.8,116.6,87.5,96.6,118.5,0,0,44.4,454,1777.9,2128.3
2008-12-01,83.4,91.9,112.5,82.4,89,114.2,9.1,0,0,413.1,1727.9,2078.3
2009-01-01,77.6,84.8,110,76.5,81.4,111.5,9.1,0,0,372.2,1677.9,2028.3
2009-02-01,75.1,78.7,106.6,72.6,74.4,107.6,9.1,0,0,331.3,1627.9,1978.3
2009-03-01,76.7,77.9,104.6,74.7,71,105.3,18.2,0,11.1,299.5,1577.9,1939.4
2009-04-01,80.5,79.1,102.9,78.8,74.6,103.5,72.7,22.2,11.1,322.2,1550.1,1900.5
2009-05-01,83.1,81.3,100.1,81.2,77.9,99.8,81.8,66.7,22.2,354,1566.8,1872.7
2009-06-01,86.6,82.5,99.2,85.1,80.4,99.1,81.8,77.8,11.1,385.8,1594.6,1833.8
2009-07-01,88.2,83.3,97.5,86.8,82,97.4,68.2,66.7,11.1,404,1611.3,1794.9
2009-08-01,89.9,85.2,97.8,88.5,84.4,97.6,81.8,88.9,33.3,435.8,1650.2,1778.2
2009-09-01,92.6,87.6,97.4,91.3,87.2,97.3,81.8,88.9,33.3,467.6,1689.1,1761.5
2009-10-01,94.8,89.9,97.1,93.7,89.5,96.8,90.9,100,38.9,508.5,1739.1,1750.4
2009-11-01,94.2,91.6,97.1,93.2,91.3,96.9,81.8,100,33.3,540.3,1789.1,1733.7
2009-12-01,96.1,93.5,97.5,95.1,93.1,97.4,72.7,100,55.6,563,1839.1,1739.3
2010-01-01,97.2,96.3,98.6,96.3,95.9,98.5,63.6,88.9,66.7,576.6,1878,1756
2010-02-01,96.2,97.5,98.7,95.4,97.2,98.6,72.7,88.9,55.6,599.3,1916.9,1761.6
2010-03-01,100,98.5,99.1,99.5,98.2,99,90.9,88.9,72.2,640.2,1955.8,1783.8
2010-04-01,101.5,99.8,98.5,101.2,99.5,98.5,81.8,88.9,27.8,672,1994.7,1761.6
2010-05-01,100.5,99.1,99.6,100.4,99.2,99.6,90.9,55.6,44.4,712.9,2000.3,1756
2010-06-01,101,99.6,99.8,101,99.7,99.8,63.6,55.6,44.4,726.5,2005.9,1750.4
2010-07-01,100.8,100.3,100.7,101,100.4,100.8,54.5,44.4,88.9,731,2000.3,1789.3
2010-08-01,101,101,100.3,101.3,101.2,100.3,45.5,88.9,61.1,726.5,2039.2,1800.4
2010-09-01,100.4,101.3,100.4,100.8,101.4,100.5,54.5,66.7,55.6,731,2055.9,1806
2010-10-01,99.9,100.8,101.2,100.3,100.9,101.3,54.5,55.6,44.4,735.5,2061.5,1800.4
2010-11-01,100.6,103,101.5,101.2,103.2,101.5,45.5,88.9,77.8,731,2100.4,1828.2
2010-12-01,100.8,102.9,101.5,101.6,103.1,101.6,54.5,77.8,55.6,735.5,2128.2,1833.8
2011-01-01,101.6,103.1,102.3,102.5,103.3,102.2,59.1,77.8,55.6,744.6,2156,1839.4
2011-02-01,102.5,104.5,102.8,103.5,104.6,102.7,54.5,77.8,66.7,749.1,2183.8,1856.1
2011-03-01,100.2,97.4,100.5,101,94.6,99.4,45.5,11.1,27.8,744.6,2144.9,1833.9
2011-04-01,97.5,95.8,101.7,95.4,92.5,100.4,27.3,11.1,33.3,721.9,2106,1817.2
2011-05-01,98.6,98,102.2,95.7,95.1,101.4,36.4,0,22.2,708.3,2056,1789.4
2011-06-01,100.9,100.5,102.3,99.8,98.6,101.6,45.5,83.3,66.7,703.8,2089.3,1806.1
2011-07-01,102.7,102.1,102.6,101.7,100.1,101.9,72.7,100,50,726.5,2139.3,1806.1
2011-08-01,102.3,103.2,103.5,101.5,101.3,102.8,77.3,88.9,72.2,753.8,2178.2,1828.3
2011-09-01,100.9,104,104.5,99.7,101.8,103.7,36.4,66.7,77.8,740.2,2194.9,1856.1
2011-10-01,101,106,103.8,99.9,103.8,103.4,45.5,77.8,66.7,735.7,2222.7,1872.8
2011-11-01,100.5,104.3,104.2,99.6,102.1,104,40.9,44.4,72.2,726.6,2217.1,1895
2011-12-01,100.9,106.7,105,100.2,104.6,104.8,54.5,77.8,38.9,731.1,2244.9,1883.9
2012-01-01,101.7,107.1,104.2,101.1,105,104.1,63.6,88.9,27.8,744.7,2283.8,1861.7
2012-02-01,103,108,105.9,102.6,105.9,105.7,72.7,88.9,66.7,767.4,2322.7,1878.4
2012-03-01,103.3,109.3,106.7,102.6,107.1,106.5,72.7,83.3,83.3,790.1,2356,1911.7
2012-04-01,102.7,107.7,106.8,102.3,105.5,106.6,63.6,44.4,83.3,803.7,2350.4,1945
2012-05-01,102.2,107.3,106.1,101.7,105.1,105.9,54.5,33.3,50,808.2,2333.7,1945
2012-06-01,100.6,105.2,106.1,100.3,103.1,105.9,27.3,11.1,44.4,785.5,2294.8,1939.4
2012-07-01,99.7,104.5,105.2,99.6,102.4,105,45.5,11.1,22.2,781,2255.9,1911.6
2012-08-01,99.4,104.5,105.1,99.4,102.5,104.8,36.4,11.1,33.3,767.4,2217,1894.9
2012-09-01,98.2,102.9,104.9,98.4,100.8,104.5,54.5,22.2,44.4,771.9,2189.2,1889.3
2012-10-01,98.1,102.8,105.5,98.3,100.7,105,31.8,33.3,77.8,753.7,2172.5,1917.1
2012-11-01,97.4,102.4,105.1,97.8,100.3,104.6,27.3,16.7,55.6,731,2139.2,1922.7
2012-12-01,98.5,104,105.2,99.1,101.9,104.6,81.8,77.8,44.4,762.8,2167,1917.1
2013-01-01,101.1,104.5,104.3,102.5,102.4,103.7,63.6,88.9,27.8,776.4,2205.9,1894.9
2013-02-01,103.7,105.5,103.6,105.3,103.3,102.8,90.9,88.9,27.8,817.3,2244.8,1872.7
2013-03-01,105.3,106.5,104.1,107,104.3,103.3,100,88.9,44.4,867.3,2283.7,1867.1
2013-04-01,106.9,107,104.2,108.9,104.8,103.4,100,77.8,55.6,917.3,2311.5,1872.7
2013-05-01,109.1,108.2,105.5,111.4,105.9,104.6,100,88.9,66.7,967.3,2350.4,1889.4
2013-06-01,107.1,107.8,105.9,109.4,105.2,105,72.7,55.6,55.6,990,2356,1895
2013-07-01,107.8,109.5,107,110.3,106.8,106,68.2,77.8,66.7,1008.2,2383.8,1911.7
2013-08-01,107.4,110.2,107.5,110,107.5,106.2,54.5,55.6,55.6,1012.7,2389.4,1917.3
2013-09-01,109.5,111.6,107.4,112.3,108.9,106.1,95.5,100,77.8,1058.2,2439.4,1945.1
2013-10-01,110.2,112.9,107.6,112,110.2,106.3,90.9,88.9,66.7,1099.1,2478.3,1961.8
2013-11-01,111.3,113.6,108.5,113.2,110.9,107.1,90.9,100,55.6,1140,2528.3,1967.4
2013-12-01,111,114,109.1,113,111.3,107.9,81.8,88.9,66.7,1171.8,2567.2,1984.1
2014-01-01,112.2,116.8,110.4,114.3,114.2,109.2,72.7,100,77.8,1194.5,2617.2,2011.9
2014-02-01,107.9,115.3,111,110.1,112.9,109.9,31.8,66.7,72.2,1176.3,2633.9,2034.1
2014-03-01,106.7,117.6,112.2,109.2,115.2,111.4,27.3,77.8,83.3,1153.6,2661.7,2067.4
2014-04-01,105.1,114,112.9,107.3,111,113.6,18.2,22.2,61.1,1121.8,2633.9,2078.5
2014-05-01,103.3,113.7,114.4,106.5,110.7,115.1,9.1,22.2,61.1,1080.9,2606.1,2089.6
2014-06-01,103.3,112.7,114.5,106.6,109.7,115.3,27.3,11.1,61.1,1058.2,2567.2,2100.7
2014-07-01,104.7,113,115.1,108.1,110,115.8,54.5,55.6,72.2,1062.7,2572.8,2122.9
2014-08-01,103.7,111.8,114.5,106.7,108.9,115.3,72.7,33.3,55.6,1085.4,2556.1,2128.5
2014-09-01,105,113.5,114.8,108.2,110.5,115.5,54.5,72.2,50,1089.9,2578.3,2128.5
2014-10-01,103.3,113.4,114.6,106.5,110.4,115.2,36.4,66.7,27.8,1076.3,2595,2106.3
2014-11-01,103.2,112.8,115,106.4,109.9,115.5,54.5,66.7,55.6,1080.8,2611.7,2111.9
2014-12-01,104.3,113.7,114.8,107.6,110.7,115.2,54.5,50,55.6,1085.3,2611.7,2117.5
2015-01-01,103.6,115,114.9,106.7,112.2,115.3,63.6,77.8,66.7,1098.9,2639.5,2134.2
2015-02-01,103.8,113.4,115.2,106.9,110.4,115.5,59.1,77.8,61.1,1108,2667.3,2145.3
2015-03-01,104.2,112.1,115.4,107.4,109,115.5,45.5,44.4,72.2,1103.5,2661.7,2167.5
2015-04-01,105.2,113.8,116.2,108.4,111.6,114.6,63.6,44.4,66.7,1117.1,2656.1,2184.2
2015-05-01,105.8,112.4,115.5,109.1,110.2,114,72.7,44.4,50,1139.8,2650.5,2184.2
2015-06-01,106.2,113.7,115.1,109.5,111.5,113.5,90.9,88.9,66.7,1180.7,2689.4,2200.9
2015-07-01,104.8,113.2,115.4,108,111,113.7,45.5,22.2,44.4,1176.2,2661.6,2195.3
2015-08-01,103.7,112.6,115.1,106.9,110.4,113.3,50,50,44.4,1176.2,2661.6,2189.7
2015-09-01,101.9,112.4,115.2,105.1,110.3,113.4,18.2,33.3,38.9,1144.4,2644.9,2178.6
2015-10-01,102.6,113.6,115.3,105.8,111.4,113.5,45.5,61.1,33.3,1139.9,2656,2161.9
2015-11-01,101.7,112.5,115.3,105,110.3,113.4,27.3,55.6,55.6,1117.2,2661.6,2167.5
2015-12-01,100.4,111.5,115.3,103.6,109.3,114.6,36.4,22.2,55.6,1103.6,2633.8,2173.1
2016-01-01,99.7,111.2,114.6,103.1,109.1,112.9,27.3,11.1,55.6,1080.9,2594.9,2178.7
2016-02-01,98.8,110.5,114.3,101.8,108.4,112.6,27.3,22.2,61.1,1058.2,2567.1,2189.8
2016-03-01,98.9,110.6,114.5,102,108.5,112.9,27.3,44.4,66.7,1035.5,2561.5,2206.5
2016-04-01,99.3,111.3,114.6,102.5,109.2,113,63.6,44.4,50,1049.1,2555.9,2206.5
2016-05-01,99.5,110.1,113.2,102.7,108,111.5,72.7,50,33.3,1071.8,2555.9,2189.8
2016-06-01,100,111.3,113.8,103.2,109.2,112.1,63.6,66.7,33.3,1085.4,2572.6,2173.1
2016-07-01,99.7,111.5,113.4,102.9,109.3,111.6,50,66.7,27.8,1085.4,2589.3,2150.9
2016-08-01,100.4,111.7,113.5,103.8,109.6,111.7,63.6,88.9,66.7,1099,2628.2,2167.6
2016-09-01,100.1,111.9,114.1,103.4,109.8,112.3,63.6,77.8,61.1,1112.6,2656,2178.7
2016-10-01,101,112.9,113.8,104.4,110.7,112,81.8,94.4,77.8,1144.4,2700.4,2206.5
2016-11-01,102.8,114.6,114.1,106.2,112.4,112.3,72.7,100,77.8,1167.1,2750.4,2234.3
2016-12-01,104.8,114.6,114.9,108.2,112.4,113.1,81.8,88.9,61.1,1198.9,2789.3,2245.4
2017-01-01,104.6,113.3,115.3,108.1,111.2,113.5,81.8,44.4,83.3,1230.7,2783.7,2278.7
2017-02-01,104.8,115,116,108.3,112.9,114.1,54.5,66.7,77.8,1235.2,2800.4,2306.5
2017-03-01,105.7,114.4,116.7,109.2,112.2,114.9,72.7,55.6,83.3,1257.9,2806,2339.8
2017-04-01,104.2,117.1,117.1,107.7,114.9,115.5,40,100,75,1247.9,2856,2364.8
2017-05-01,104.7,115.8,116.4,108.2,113.2,114.7,60,50,50,1257.9,2856,2364.8
2017-06-01,106.3,117.2,118.1,109.9,114.7,116.1,55.6,92.9,60,1263.5,2898.9,2374.8
